age,job,marital,education,default,balance,housing,loan,contact,duration,campaign,pdays,previous,poutcome,predicted_output,actual_output
22,8,2,1,1522,0,0,0,30,10,368,2,-1,0,1,1
31,9,2,2,882,0,0,0,4,11,293,1,93,1,1,1
76,5,1,0,163,0,0,1,13,10,120,1,-1,0,1,0
33,9,0,1,370,1,0,0,11,1,145,4,-1,0,0,0
40,7,1,0,1082,1,0,2,30,8,854,2,-1,0,1,1
36,6,2,2,583,0,0,0,30,4,859,1,235,1,1,0
47,9,1,1,293,0,0,0,1,6,251,1,90,1,0,1
34,1,1,0,3868,1,0,0,18,8,134,1,350,1,0,0
56,1,1,0,136,0,0,0,4,1,270,1,-1,0,0,0
32,6,2,2,46,1,0,0,14,6,485,2,-1,0,1,1
59,5,1,3,1033,0,0,2,11,6,1199,1,-1,0,1,1
60,4,1,2,5990,1,0,0,6,8,396,3,-1,0,0,1
51,2,1,0,538,0,0,0,18,9,1122,4,-1,0,1,1
47,10,0,1,0,0,1,0,30,4,127,2,233,8,0,0
37,9,2,2,0,1,0,0,23,5,366,6,-1,0,0,1
54,4,1,3,24,0,0,0,31,5,12,10,-1,0,0,0
53,4,0,2,2679,0,0,0,20,9,295,3,-1,0,1,1
59,9,1,1,116,0,0,0,11,3,268,1,183,7,1,1
50,1,1,2,5423,1,0,0,21,9,75,3,-1,0,0,0
32,9,0,2,267,0,0,0,26,8,128,1,-1,0,0,0
52,0,0,1,361,0,1,0,20,9,147,1,-1,0,0,0
49,4,1,2,1,0,0,1,4,8,1076,3,175,1,1,1
33,0,1,2,205,0,0,2,1,5,156,2,-1,0,0,0
26,11,2,1,3247,0,0,1,6,3,341,3,-1,0,0,0
32,1,1,1,897,1,0,0,7,0,293,3,322,2,0,0
45,5,0,1,1735,0,1,2,17,6,306,1,-1,0,0,0
33,1,1,1,0,1,1,0,31,5,16,43,-1,0,0,0
40,0,1,2,764,1,0,2,17,9,85,1,-1,0,0,1
53,0,1,1,849,1,0,0,6,3,3102,3,-1,0,1,1
25,4,2,2,1602,1,0,0,26,8,154,1,-1,0,0,0
33,1,1,1,0,1,0,2,21,8,521,3,-1,0,0,1
55,4,1,2,23189,1,0,2,14,8,77,1,-1,0,0,0
31,4,2,2,354,0,0,0,30,0,502,1,9,2,1,1
45,9,1,1,-312,1,0,0,16,5,268,1,-1,0,0,0
36,9,2,1,12264,0,0,0,12,0,158,2,-1,0,1,1
54,9,1,2,6507,0,0,0,26,8,145,1,-1,0,0,0
34,4,1,2,0,0,0,0,6,3,787,3,9,1,1,1
39,1,1,1,171,1,1,0,8,8,153,1,353,1,0,0
21,8,2,1,123,0,0,1,11,9,513,1,91,1,0,1
50,0,1,1,159,1,0,2,7,8,216,2,-1,0,0,0
30,6,1,2,163,1,0,0,18,8,149,1,362,8,0,0
56,5,1,1,3738,1,0,0,17,0,156,1,305,6,0,1
34,4,2,2,9,0,0,0,11,5,439,2,-1,0,1,0
36,1,1,0,21,0,0,1,20,9,35,1,-1,0,0,0
44,7,2,1,0,1,0,2,14,8,198,1,-1,0,0,0
35,1,1,1,262,0,0,0,15,11,331,1,75,6,1,1
31,7,2,1,3,1,0,0,5,8,41,1,-1,0,0,0
27,0,1,1,16,1,0,0,3,3,54,3,-1,0,0,0
44,4,2,2,483,0,0,0,6,7,207,2,199,6,1,1
33,4,1,2,0,1,0,0,9,5,310,1,-1,0,0,0
32,4,2,2,0,0,0,0,22,1,360,2,-1,0,0,0
43,4,1,1,107,1,1,1,28,10,135,1,-1,0,1,1
41,9,1,2,63,0,0,0,25,1,36,3,-1,0,0,0
87,5,1,0,2190,0,0,1,12,4,512,2,-1,0,1,1
32,9,0,2,3255,0,0,0,29,6,167,2,-1,0,1,1
58,5,1,0,2074,0,0,0,18,6,259,2,-1,0,1,1
36,4,1,2,849,1,1,2,21,8,958,2,-1,0,1,1
37,2,1,2,-456,1,1,2,20,6,42,7,-1,0,0,0
57,4,1,2,3431,1,0,0,21,9,55,2,189,1,0,0
34,1,2,1,3723,1,0,2,27,8,47,5,-1,0,0,0
36,1,2,1,-175,1,0,2,15,8,180,2,-1,0,0,0
42,2,1,1,0,1,0,0,9,0,331,1,140,4,0,1
50,2,1,2,230,0,0,1,30,5,1089,4,-1,0,1,1
31,9,1,1,0,1,1,0,28,4,71,1,223,9,0,0
43,4,0,3,7702,0,0,0,22,8,460,1,95,2,1,1
32,1,2,0,1426,1,0,0,20,9,114,1,-1,0,0,0
60,5,1,1,0,0,0,0,9,11,408,1,-1,0,1,1
36,9,2,1,-15,1,0,2,6,8,341,3,-1,0,0,0
53,4,1,2,75,0,0,0,20,1,216,2,-1,0,0,0
35,6,2,2,71,0,0,0,15,6,651,1,-1,0,1,1
75,5,1,2,2991,0,0,0,22,0,240,1,-1,0,1,1
39,1,1,1,1403,0,0,0,11,8,214,8,326,2,1,0
21,8,2,1,794,0,0,0,5,6,191,1,-1,0,1,1
41,4,1,2,65,1,0,2,6,8,524,2,-1,0,0,0
53,1,1,3,111,0,0,2,20,6,39,3,-1,0,0,0
74,5,0,0,29080,0,0,0,30,6,301,5,93,4,1,1
46,9,1,2,0,0,0,0,20,9,531,1,167,1,1,1
34,4,1,2,11,1,0,0,17,5,654,1,-1,0,1,0
48,1,1,0,51,0,1,1,9,5,76,1,-1,0,0,0
54,4,1,2,8295,0,0,0,2,10,849,2,119,1,1,1
32,7,2,1,182,1,0,0,6,8,145,1,-1,0,0,0
32,1,1,0,-454,1,1,0,18,8,801,5,355,2,1,1
30,0,1,1,15,1,0,2,9,8,257,1,-1,0,0,0
42,1,1,0,2003,1,0,0,17,0,177,3,-1,0,0,0
27,9,0,1,21,1,0,0,18,8,336,1,356,1,0,0
53,0,0,1,0,1,1,0,30,0,586,2,-1,0,1,0
40,7,0,0,471,1,0,0,16,0,1156,1,345,2,1,1
44,9,1,1,135,1,0,0,8,8,262,3,-1,0,0,0
55,4,0,2,-207,0,0,0,2,3,211,1,-1,0,0,0
32,0,1,1,20011,0,0,0,20,0,234,1,-1,0,1,0
35,4,0,2,1723,1,0,0,25,5,862,1,-1,0,1,1
41,1,1,1,2823,1,0,2,14,8,858,1,-1,0,1,1
59,4,0,2,0,1,0,0,31,5,52,8,-1,0,0,0
48,6,1,1,1559,0,0,0,24,2,520,3,133,3,1,0
32,0,1,1,56,1,0,0,2,3,275,1,258,1,0,0
26,9,2,1,-454,0,1,0,18,5,652,2,-1,0,1,0
49,4,1,2,1167,1,1,0,24,11,249,1,91,14,1,1
49,9,2,1,-188,1,1,0,17,9,454,1,-1,0,1,1
31,4,2,2,354,0,0,0,21,0,242,2,-1,0,1,1
35,1,2,1,0,1,0,0,16,0,1174,1,345,4,1,1
33,9,2,2,8097,0,1,0,21,1,500,2,-1,0,0,0
40,1,2,3,29,0,0,1,7,5,118,2,-1,0,0,0
37,1,1,0,0,1,0,2,26,8,24,1,-1,0,0,0
40,0,1,1,367,1,0,1,5,3,89,1,274,1,0,0
39,4,1,2,-233,1,0,0,19,9,249,1,-1,0,0,0
32,9,2,2,0,1,1,0,13,8,440,2,-1,0,1,1
27,4,2,2,-69,1,0,0,15,3,205,3,-1,0,0,1
32,1,1,0,274,1,0,2,9,8,21,3,-1,0,0,0
39,9,2,1,15,1,0,0,30,0,510,1,-1,0,1,1
38,0,1,1,47,1,0,0,4,8,288,5,-1,0,1,1
37,4,2,2,427,1,0,2,20,8,121,1,-1,0,0,0
31,11,1,1,3,0,0,0,20,5,91,2,-1,0,0,0
52,7,1,1,657,0,0,1,7,5,398,2,460,2,1,1
35,2,2,2,145,1,0,0,18,5,799,2,-1,0,1,1
43,9,0,1,1612,0,0,0,25,8,262,2,353,1,1,1
76,5,1,2,2991,0,0,0,25,4,195,1,95,2,1,0
37,1,2,3,217,0,0,0,23,11,272,2,-1,0,1,1
58,6,1,2,-364,1,0,2,5,8,355,1,-1,0,0,0
37,2,1,1,-170,1,0,2,28,8,39,1,-1,0,0,0
41,1,2,3,961,1,0,2,29,8,117,1,-1,0,0,0
52,5,1,3,293,0,0,2,11,6,706,1,-1,0,1,1
70,5,1,1,0,0,0,0,27,10,258,1,92,5,1,1
51,5,1,0,610,0,0,2,9,6,86,2,-1,0,0,0
44,9,2,1,365,1,0,2,8,8,169,2,-1,0,0,0
56,9,0,1,146,1,0,0,5,1,419,3,-1,0,1,1
38,1,1,1,468,1,0,2,8,8,101,2,-1,0,0,0
33,0,2,1,241,0,0,0,22,5,490,1,-1,0,1,0
25,1,2,1,-375,1,0,0,14,5,61,2,-1,0,0,0
52,7,1,1,1000,0,0,0,5,1,766,2,-1,0,1,1
49,9,0,1,-236,1,0,2,26,8,204,2,-1,0,0,0
34,0,0,0,9569,1,0,2,9,8,43,2,-1,0,0,0
35,0,0,1,0,0,1,0,14,5,245,2,-1,0,0,0
37,1,1,3,622,1,0,0,11,8,175,1,-1,0,0,0
45,3,0,0,221,0,0,0,2,3,93,1,235,1,0,0
37,7,0,1,49,1,0,2,16,8,619,2,-1,0,0,1
50,2,0,2,816,0,0,0,19,9,630,1,-1,0,1,0
38,1,1,1,2467,0,0,0,2,6,192,1,-1,0,1,1
41,4,1,2,4063,1,0,0,12,8,14,5,172,2,0,0
40,4,1,2,158,0,0,1,30,0,712,2,-1,0,1,1
39,7,1,1,93,1,0,0,11,8,72,4,-1,0,0,0
45,2,0,2,-395,1,0,2,13,8,470,1,-1,0,0,1
25,7,2,2,12,0,0,0,12,6,126,6,-1,0,1,1
22,4,2,2,104,0,1,0,18,10,509,1,185,3,1,1
31,7,2,1,205,1,0,0,15,0,465,1,-1,0,1,0
47,0,1,1,3480,0,0,0,16,0,443,1,-1,0,1,1
34,4,1,2,250,0,0,0,9,2,787,1,188,8,1,0
32,1,2,1,1036,1,1,2,30,8,62,2,-1,0,0,0
60,5,0,2,439,0,1,0,25,8,464,1,321,1,1,1
24,8,2,1,23878,0,0,0,18,3,185,1,-1,0,0,1
53,0,0,1,-372,1,0,2,26,8,104,1,-1,0,0,0
50,4,1,2,346,0,0,0,6,3,178,1,-1,0,0,1
40,3,0,1,108,0,0,2,9,8,93,1,-1,0,0,0
34,4,1,2,158,0,0,0,9,6,190,1,92,9,1,1
54,1,0,0,215,1,0,2,4,6,71,5,-1,0,0,0
34,9,0,1,259,0,0,0,11,1,316,2,-1,0,0,0
31,0,2,1,190,0,0,0,30,0,514,1,-1,0,1,1
36,0,1,1,75,1,0,2,4,5,52,4,-1,0,0,0
24,9,2,1,409,1,0,2,16,8,912,1,-1,0,1,1
46,1,1,1,922,0,1,0,14,5,151,2,-1,0,0,0
53,1,1,3,2509,0,0,1,22,8,231,2,-1,0,1,1
30,9,2,2,655,0,0,0,6,10,384,2,-1,0,1,1
33,9,2,2,1636,1,0,0,27,3,165,1,-1,0,0,1
36,1,1,1,561,1,0,2,9,6,198,2,-1,0,0,0
22,8,2,1,107,0,0,0,14,0,125,1,-1,0,1,1
38,6,1,2,2084,1,0,0,16,0,71,2,330,2,0,0
36,4,2,2,20,1,0,0,20,0,766,2,150,3,1,0
34,4,2,2,1494,1,0,0,18,9,596,1,182,1,1,1
36,4,1,2,3949,0,0,0,28,4,130,2,-1,0,0,1
52,1,1,1,955,0,1,0,17,6,301,2,134,4,1,1
57,9,0,2,126,0,0,1,4,6,166,2,-1,0,1,1
29,4,2,2,437,0,0,0,5,1,504,1,92,1,1,1
40,0,1,1,1535,1,0,2,14,8,704,1,-1,0,1,1
37,1,1,3,1508,0,1,2,6,6,381,2,-1,0,0,1
57,9,1,1,589,1,0,0,11,1,167,1,190,5,0,1
57,5,1,1,1841,0,0,1,5,6,302,1,-1,0,1,1
45,4,0,2,6269,1,0,0,29,5,20,2,-1,0,0,0
56,1,1,3,665,1,0,2,20,6,109,2,-1,0,0,0
35,10,1,1,759,0,0,0,19,9,556,3,-1,0,1,0
66,5,1,2,1948,0,0,0,29,10,106,2,269,2,1,1
25,1,2,0,-221,1,0,2,23,8,250,1,-1,0,0,0
37,9,1,3,189,0,0,0,1,10,238,1,107,2,0,1
32,4,1,2,71,0,0,0,2,3,75,1,-1,0,0,0
36,0,2,1,206,1,0,2,8,8,183,1,-1,0,0,0
26,9,2,2,1066,0,0,0,15,0,200,1,-1,0,1,1
23,8,2,1,9216,0,0,0,5,6,471,2,-1,0,1,0
42,1,1,0,1673,1,0,0,17,0,636,3,-1,0,1,1
45,4,1,2,623,0,0,0,9,11,405,3,-1,0,1,0
37,4,1,2,0,0,0,0,16,5,268,2,182,3,1,1
51,0,1,1,176,0,0,0,28,4,214,1,183,2,1,0
31,1,2,0,216,1,0,2,21,8,565,1,-1,0,0,1
39,0,2,1,2263,1,1,1,21,9,1158,9,-1,0,1,1
49,1,1,1,1730,1,0,0,4,1,605,2,92,4,1,1
35,0,2,1,0,1,0,0,13,8,1073,1,-1,0,1,1
59,5,1,0,3400,1,0,0,5,1,515,3,-1,0,1,1
30,7,2,1,117,0,0,0,28,4,135,1,-1,0,0,0
36,4,1,2,1113,0,0,0,1,11,212,1,-1,0,1,1
23,7,2,1,31,0,0,0,1,6,192,1,-1,0,1,1
49,4,0,2,-2049,1,0,2,30,8,169,3,-1,0,0,0
34,1,2,1,341,1,0,2,8,8,195,1,-1,0,0,0
37,0,1,2,29,0,0,0,14,8,404,2,183,2,1,1
37,4,1,2,578,1,0,0,8,1,401,4,-1,0,0,0
56,4,1,2,2551,1,0,0,17,9,150,2,-1,0,0,0
22,8,2,1,0,0,0,0,6,3,229,6,-1,0,0,1
50,0,1,2,6574,0,0,0,8,11,495,1,92,3,1,1
34,9,1,1,1,0,0,0,28,1,535,2,-1,0,1,1
46,7,0,1,0,0,0,2,20,6,1023,3,-1,0,1,1
38,3,0,1,70,0,0,0,27,4,164,4,92,4,1,1
31,9,2,1,109,1,0,2,21,8,419,1,-1,0,0,0
31,7,2,1,-45,0,0,2,7,8,246,2,-1,0,0,0
24,1,2,1,167,0,1,0,18,3,134,2,-1,0,0,1
32,9,0,1,211,1,1,2,29,8,230,4,-1,0,0,0
52,1,0,0,-191,1,0,2,15,8,755,1,-1,0,1,1
47,1,1,1,802,1,1,0,12,8,289,2,-1,0,0,1
36,9,2,2,962,1,0,0,8,8,568,1,-1,0,1,1
49,4,1,2,1311,1,0,0,8,8,813,1,-1,0,1,1
50,11,1,3,558,0,0,0,9,5,464,1,683,6,1,1
47,1,1,1,292,0,0,0,10,3,277,1,-1,0,0,1
34,4,1,2,3301,1,0,0,17,11,164,5,92,6,1,1
38,7,2,2,1222,1,0,2,5,6,237,2,-1,0,0,0
44,1,1,1,3060,1,0,0,20,0,87,2,151,3,0,0
26,7,2,1,-72,1,0,2,30,6,82,9,-1,0,0,0
39,7,1,1,-971,1,1,2,28,8,104,2,-1,0,0,0
37,9,1,1,1707,1,0,0,26,5,546,2,784,3,1,1
35,6,2,2,1129,1,0,0,21,9,64,2,184,2,0,0
37,6,1,1,3396,0,0,0,18,1,69,6,-1,0,0,0
34,9,1,1,1035,0,0,0,25,1,1374,10,-1,0,1,1
32,0,2,1,620,1,0,2,26,8,1234,3,-1,0,1,1
50,4,1,1,2910,0,0,1,29,5,790,1,-1,0,1,0
37,4,1,2,630,0,0,0,30,0,315,1,87,1,1,1
39,10,1,0,7005,1,0,0,28,5,429,2,184,3,1,1
55,10,1,0,8585,0,0,1,28,4,201,2,-1,0,0,0
31,7,1,1,418,1,1,0,9,5,219,1,-1,0,0,0
44,9,1,2,1818,1,1,0,3,3,508,1,92,4,1,1
60,1,1,0,228,1,0,2,28,8,249,11,-1,0,0,0
42,3,1,0,4279,1,0,0,22,5,98,1,-1,0,0,0
36,1,1,0,2079,1,1,2,19,8,403,2,-1,0,0,0
52,0,2,1,-528,1,1,0,1,6,1144,2,-1,0,1,1
30,7,0,1,341,1,0,0,20,9,478,1,-1,0,1,1
57,4,0,2,6468,1,0,0,4,11,730,1,157,4,1,1
47,4,1,2,3663,0,0,0,30,7,364,3,-1,0,1,1
41,9,2,1,32,1,0,0,7,8,162,1,-1,0,0,0
35,1,1,0,159,1,1,0,12,8,826,1,-1,0,1,1
34,6,1,0,7468,1,1,0,30,0,383,1,-1,0,0,1
44,0,2,1,1534,0,0,0,10,9,95,1,95,3,1,1
32,2,2,2,7641,1,1,0,21,9,39,10,-1,0,0,0
34,9,2,1,0,0,0,0,28,1,195,6,-1,0,0,0
49,1,1,0,128,0,0,0,12,1,696,2,-1,0,1,1
32,1,2,0,1918,1,0,0,8,8,318,1,172,1,1,0
34,9,1,2,149,0,0,0,22,1,739,2,-1,0,1,1
34,1,1,1,-436,1,0,2,26,8,317,1,-1,0,0,0
36,0,2,1,10041,1,0,0,20,9,91,2,184,1,0,0
48,0,1,3,0,1,0,0,8,8,85,1,168,2,0,0
29,9,2,1,309,1,0,2,13,8,214,1,-1,0,0,0
54,9,0,1,859,0,1,0,21,5,710,1,-1,0,1,1
45,1,2,1,0,0,0,0,5,1,374,2,472,1,1,1
60,0,1,1,-396,1,0,0,11,8,443,1,350,1,1,0
30,1,2,1,-390,1,0,0,5,8,275,1,-1,0,0,0
39,7,0,1,1957,1,1,0,20,9,47,1,-1,0,0,0
60,7,1,2,4256,1,0,0,16,1,239,3,761,1,1,1
58,5,1,0,269,1,0,2,16,8,38,2,-1,0,0,0
45,1,1,0,1794,1,0,2,14,8,174,2,-1,0,0,0
42,4,1,2,-671,0,0,0,28,1,80,2,-1,0,0,0
32,4,2,2,1077,0,0,0,5,1,200,1,717,4,1,0
35,9,2,2,13460,1,0,0,15,8,1068,3,-1,0,1,1
73,5,1,0,253,0,0,0,20,0,345,1,-1,0,1,1
38,1,1,1,0,1,0,2,9,6,254,1,-1,0,0,0
37,9,2,2,1609,0,1,2,20,6,10,19,-1,0,0,0
36,0,1,2,29,0,0,0,12,1,576,1,-1,0,1,1
53,7,1,1,197,1,0,0,17,0,307,1,-1,0,0,0
51,0,0,1,340,1,0,2,8,8,186,1,-1,0,0,0
52,6,1,2,2289,1,1,0,21,9,81,1,-1,0,0,0
41,7,1,1,2085,1,0,2,26,8,125,4,-1,0,0,0
74,5,1,1,3771,0,0,1,16,0,159,1,-1,0,1,0
46,4,1,3,802,1,0,1,25,5,417,1,-1,0,1,0
33,9,1,1,177,1,1,0,12,8,22,8,-1,0,0,0
27,1,2,1,535,0,0,0,16,1,265,3,95,4,1,1
40,7,1,0,-9,1,0,2,15,8,920,2,-1,0,1,1
52,1,1,1,1117,1,0,0,13,8,365,1,-1,0,0,0
34,2,1,1,1368,1,0,0,18,9,252,2,-1,0,0,0
38,0,0,1,0,0,0,2,5,6,56,1,-1,0,0,0
48,9,1,1,862,0,0,0,30,5,160,2,-1,0,0,0
42,4,1,3,849,1,0,0,8,10,667,1,321,1,1,1
32,9,1,2,514,1,0,2,20,8,414,2,-1,0,0,0
35,9,1,2,1354,0,0,0,2,6,250,2,-1,0,1,1
47,7,0,2,1639,0,0,0,12,4,349,1,-1,0,0,1
29,10,2,0,1374,0,0,0,14,8,1205,2,178,7,1,1
59,1,1,3,337,0,0,2,18,6,100,4,-1,0,0,0
55,9,1,1,-308,0,0,0,2,3,781,1,-1,0,1,1
64,5,1,1,4787,0,0,0,28,10,501,1,-1,0,1,1
34,1,2,1,215,0,0,0,3,7,350,3,-1,0,1,1
24,8,2,1,493,1,0,0,13,8,85,4,358,1,0,0
84,5,0,0,639,0,0,1,18,8,353,3,-1,0,1,1
32,9,2,2,6281,1,0,2,3,6,1336,4,-1,0,1,1
31,4,2,2,471,0,0,0,29,1,153,2,-1,0,0,0
31,4,1,2,927,0,0,0,18,1,100,4,-1,0,0,0
56,5,0,0,694,0,0,0,29,4,144,1,102,1,1,1
33,1,1,1,58,0,0,2,16,8,144,2,-1,0,0,0
58,5,1,1,19,0,1,0,15,5,106,3,-1,0,0,0
55,9,1,2,1320,0,0,0,28,5,340,1,91,2,1,1
57,0,2,1,5768,1,0,2,19,6,512,1,-1,0,0,1
43,1,1,0,0,1,0,2,20,8,592,1,-1,0,0,0
55,4,1,1,0,1,0,2,13,8,309,2,-1,0,0,0
59,5,1,2,1296,0,0,0,11,1,862,11,-1,0,1,0
41,3,1,0,365,0,0,0,8,1,203,5,-1,0,0,0
78,5,0,0,1389,0,0,0,8,0,335,1,-1,0,1,1
46,1,1,1,524,1,0,1,5,8,15,7,-1,0,0,0
56,6,1,2,411,0,0,2,19,6,145,4,-1,0,0,0
36,10,0,1,8267,0,0,2,18,6,321,2,-1,0,0,0
45,10,1,1,2040,0,0,1,2,3,803,1,-1,0,1,1
39,3,1,0,13338,0,0,0,11,1,103,4,-1,0,0,0
40,1,1,1,750,1,1,0,16,0,340,1,281,1,0,0
33,9,1,1,4,1,1,2,18,6,625,2,-1,0,0,1
36,0,0,2,125,1,0,2,26,8,172,1,-1,0,0,0
29,1,2,0,213,1,0,2,6,6,2653,3,-1,0,1,1
58,5,0,2,3237,0,0,1,31,10,615,1,-1,0,1,1
32,4,2,2,2069,0,0,0,22,0,545,1,-1,0,1,1
41,4,1,2,144,0,0,0,27,3,123,3,-1,0,0,0
27,9,2,1,439,1,0,0,15,0,1038,2,-1,0,1,1
56,4,1,2,-6,0,0,1,31,5,29,16,-1,0,0,0
43,4,1,2,2383,0,0,0,13,1,379,6,-1,0,0,1
24,6,2,2,2376,0,0,0,27,0,122,1,-1,0,1,1
53,9,1,2,395,0,0,0,29,10,136,1,148,1,0,1
37,9,1,2,122,0,0,0,25,6,266,2,318,3,1,1
31,6,1,2,168,0,0,0,4,3,193,2,-1,0,0,1
35,9,1,1,0,1,0,0,9,9,524,1,96,5,1,1
72,5,1,0,4657,0,0,0,22,2,305,3,309,5,1,1
29,4,1,2,247,0,0,0,16,11,143,2,587,3,0,1
61,1,0,0,1428,1,0,2,5,8,82,2,-1,0,0,0
28,9,2,1,2034,1,0,2,21,8,196,1,-1,0,0,0
35,4,1,2,0,1,0,0,11,9,229,2,96,3,1,1
36,0,1,3,991,0,0,0,14,4,589,2,-1,0,1,1
35,3,2,0,745,0,0,1,5,6,522,3,-1,0,1,1
27,7,2,1,504,1,0,0,18,8,106,5,362,8,0,0
30,1,1,1,0,1,0,2,26,8,30,1,-1,0,0,0
49,2,1,2,313,1,0,0,17,9,42,2,188,2,0,0
57,1,1,3,3196,0,0,0,28,1,161,4,-1,0,0,0
32,4,2,2,4291,0,0,0,7,1,1321,9,-1,0,1,1
40,6,1,1,1516,1,1,2,23,8,373,1,-1,0,0,0
36,0,2,1,115,0,0,0,4,8,134,3,91,1,0,0
38,9,2,1,103,1,0,0,2,3,159,1,187,3,0,0
23,7,2,1,488,0,0,0,30,7,236,1,92,2,1,1
72,0,1,0,2321,0,0,0,14,11,221,2,64,12,1,1
35,7,1,1,819,1,0,1,14,5,102,14,-1,0,0,0
32,4,2,1,131,1,1,0,23,5,1152,2,-1,0,1,1
35,10,2,0,68,0,0,0,3,5,175,1,-1,0,0,1
58,1,1,0,3109,0,0,0,29,6,295,1,287,4,1,1
31,1,1,1,892,1,0,0,29,5,25,22,-1,0,0,0
57,5,0,2,734,0,0,0,6,1,1357,4,-1,0,1,1
32,4,2,2,2,1,0,0,11,11,100,2,-1,0,1,1
32,1,2,0,611,1,0,2,8,8,541,3,-1,0,0,1
41,0,2,1,812,0,1,2,11,6,583,4,-1,0,0,1
51,2,1,2,36935,1,0,0,21,9,41,1,-1,0,0,0
38,9,1,1,20,0,0,0,2,3,147,1,-1,0,0,0
44,4,1,2,1138,0,0,0,27,1,523,3,-1,0,1,1
71,5,1,1,1696,0,0,0,6,10,486,1,-1,0,1,1
72,5,1,2,2,0,0,0,7,1,147,2,-1,0,0,1
67,5,1,0,2391,0,0,0,28,6,737,6,186,10,1,1
51,6,1,2,5350,1,1,0,31,5,612,4,-1,0,1,1
38,1,0,1,0,1,0,0,21,10,576,1,183,4,1,1
57,10,1,2,209,0,0,2,19,6,453,1,-1,0,0,0
32,4,2,2,0,1,0,0,20,0,415,2,-1,0,1,0
27,1,2,0,1128,1,0,2,30,6,88,4,-1,0,0,0
46,4,2,2,2044,0,0,1,4,3,25,1,-1,0,0,0
29,9,0,1,124,0,0,2,27,8,125,1,-1,0,0,0
33,0,1,1,1077,1,0,0,18,8,432,3,374,3,1,0
31,4,0,2,-6,0,1,0,22,1,119,6,-1,0,0,0
39,9,2,1,681,1,0,2,5,6,170,1,-1,0,0,0
42,1,1,1,879,1,0,0,18,9,140,1,-1,0,0,0
47,9,0,1,1013,0,0,0,15,6,54,3,-1,0,0,0
31,0,2,1,690,0,0,0,4,8,10,4,87,12,0,0
27,9,2,2,2781,1,0,0,24,8,168,1,389,1,0,1
49,9,1,1,808,1,0,0,28,4,1232,1,-1,0,1,1
57,5,1,0,3518,1,0,0,25,1,626,3,-1,0,1,1
34,1,1,1,467,1,0,0,13,8,195,2,357,2,0,0
30,0,2,1,223,1,0,2,6,6,862,11,-1,0,1,1
50,10,1,1,297,1,0,0,31,5,29,10,-1,0,0,0
33,9,1,1,1968,1,0,0,20,0,1817,3,-1,0,1,1
28,9,2,2,375,1,0,0,14,8,43,1,350,1,0,0
22,9,2,1,283,1,0,0,22,7,254,2,-1,0,0,1
36,0,2,1,191,1,0,0,25,5,18,7,-1,0,0,0
42,11,2,3,942,0,0,0,27,4,245,1,92,2,1,1
47,7,1,1,405,0,1,0,8,1,994,2,-1,0,1,1
22,0,2,2,897,1,0,0,4,3,133,4,-1,0,0,1
45,2,1,2,20138,1,0,0,20,9,871,5,-1,0,1,1
59,1,1,1,0,1,0,2,5,8,226,1,-1,0,0,0
33,4,0,2,280,0,1,0,18,9,155,1,-1,0,0,0
34,4,1,2,8,0,0,0,25,1,169,4,-1,0,0,0
36,7,1,1,3740,1,0,0,7,0,254,1,-1,0,0,0
26,9,1,1,744,0,0,0,15,0,609,1,-1,0,1,0
38,2,1,1,593,1,1,0,24,5,1484,24,-1,0,1,1
43,1,1,1,184,0,1,0,16,5,1019,11,-1,0,1,1
35,6,1,2,2427,0,0,0,12,1,175,3,31,10,1,1
56,7,1,0,486,0,1,1,21,5,1877,1,-1,0,1,1
46,6,1,1,706,0,0,0,21,8,588,1,386,3,1,1
55,11,1,1,1157,0,0,0,12,5,289,1,412,2,1,0
42,9,0,2,802,0,0,1,28,4,119,2,-1,0,0,0
53,4,1,2,9072,0,0,0,18,9,117,2,-1,0,0,0
21,2,2,2,2077,0,0,0,5,1,323,1,-1,0,0,1
42,7,1,2,12223,1,0,0,19,9,36,1,-1,0,0,0
60,5,0,1,1099,0,0,0,11,5,764,2,-1,0,1,1
35,0,1,1,0,0,0,0,7,5,78,11,-1,0,0,0
54,4,1,2,154,0,0,2,9,8,155,3,-1,0,0,0
28,1,2,1,517,0,1,0,8,5,681,1,-1,0,1,1
50,9,1,1,1838,1,1,0,13,1,221,8,-1,0,0,0
31,4,2,2,3384,0,0,0,22,7,247,3,187,3,1,1
40,1,1,1,1808,1,0,0,12,8,560,1,-1,0,1,1
36,9,0,2,119,0,0,0,23,5,127,8,-1,0,0,0
39,9,0,1,385,0,0,0,13,10,242,1,48,2,1,1
60,5,0,1,545,1,0,2,6,8,1030,1,-1,0,1,1
65,10,1,1,3195,0,0,1,2,7,904,1,-1,0,0,1
26,1,2,1,535,0,0,0,14,1,125,1,-1,0,0,1
59,0,1,0,1040,0,0,1,31,5,733,1,-1,0,1,0
38,10,2,1,804,0,0,0,1,6,1087,1,-1,0,1,1
53,9,0,2,2228,0,0,0,17,9,890,1,-1,0,1,1
29,4,1,2,0,1,1,0,15,5,218,1,-1,0,0,0
33,4,0,2,2885,0,0,0,5,1,1051,2,-1,0,1,1
29,4,1,2,314,0,0,2,28,8,938,2,-1,0,1,1
59,5,0,0,217,1,0,2,26,8,574,3,-1,0,0,0
48,0,2,1,479,1,1,2,18,6,533,3,-1,0,0,0
39,1,1,1,284,1,1,0,17,0,1426,2,318,6,1,0
35,4,1,2,2957,1,1,0,8,1,733,3,-1,0,1,1
42,0,1,1,12,1,0,0,16,0,466,4,-1,0,1,0
32,0,1,1,0,0,0,0,25,5,209,1,-1,0,0,0
26,1,2,1,428,0,1,0,7,5,575,1,-1,0,0,0
34,7,1,1,-451,1,1,0,23,5,498,1,-1,0,1,0
45,2,0,2,1273,1,1,0,20,9,206,2,162,3,1,0
29,0,0,1,504,1,0,0,7,8,203,1,-1,0,0,0
37,4,2,2,230,1,1,0,2,3,120,2,272,1,1,0
36,1,1,1,1049,1,0,0,14,8,224,4,-1,0,0,1
64,5,1,1,4787,0,0,0,28,0,392,1,182,1,1,1
46,4,1,1,10,1,0,0,29,5,122,7,-1,0,0,0
31,9,1,3,14533,0,0,0,16,6,245,2,-1,0,1,1
46,3,1,0,296,1,0,2,20,6,205,4,-1,0,0,0
56,5,1,1,1044,0,0,1,3,5,353,2,-1,0,0,1
48,4,1,2,7867,1,1,2,30,8,306,3,-1,0,0,0
77,5,1,1,4112,0,0,1,29,5,426,1,184,3,1,1
35,4,2,2,2646,0,0,0,13,10,221,1,182,1,1,1
60,4,1,2,315,0,0,0,1,11,840,1,183,3,1,1
46,9,1,3,605,1,0,0,20,0,780,2,-1,0,1,0
26,8,2,2,39,0,0,0,26,8,396,3,-1,0,1,1
35,10,1,1,1,1,0,0,28,5,173,8,-1,0,0,0
40,1,0,0,737,1,1,2,12,8,102,1,-1,0,0,0
40,1,1,0,0,1,0,0,21,5,1080,4,-1,0,1,1
45,7,1,0,2406,1,1,0,20,0,108,2,-1,0,0,0
57,4,1,0,2538,0,1,1,17,5,485,2,-1,0,0,0
58,0,1,1,855,0,0,0,14,1,81,2,-1,0,0,0
53,0,0,1,223,1,1,0,22,5,534,1,-1,0,1,0
32,4,2,2,974,1,0,2,3,6,228,1,-1,0,0,0
36,7,2,1,-253,1,0,0,14,0,1073,1,-1,0,1,1
34,1,1,0,3986,1,0,0,17,0,345,2,-1,0,0,0
20,8,2,0,134,0,0,0,12,5,273,1,277,3,1,0
28,1,1,0,-55,1,0,2,7,8,361,2,-1,0,0,0
32,9,2,2,3818,0,0,0,18,1,100,4,-1,0,0,0
56,4,1,0,870,0,0,0,16,9,257,1,-1,0,1,1
33,7,1,1,1076,0,0,0,11,9,131,1,96,5,1,1
52,1,1,0,1524,0,0,0,3,5,1007,6,-1,0,1,1
41,4,1,0,5310,1,0,0,17,9,984,1,-1,0,1,1
39,0,1,0,444,1,0,0,8,8,374,2,-1,0,0,0
57,4,1,2,256,0,0,0,6,7,227,1,-1,0,1,1
42,7,2,1,247,1,0,0,31,5,114,2,-1,0,0,0
31,6,2,2,17924,1,0,0,21,9,608,3,-1,0,1,0
59,1,1,0,416,0,0,2,16,6,92,3,-1,0,0,0
45,1,2,2,-243,0,1,0,8,5,171,2,-1,0,0,0
39,4,1,2,22,1,0,2,2,6,493,1,-1,0,0,0
33,9,2,2,34,0,0,0,28,1,13,30,-1,0,0,0
20,8,2,1,215,0,0,0,24,3,175,1,92,6,1,1
33,9,1,2,0,0,0,0,30,0,227,2,-1,0,1,1
29,0,2,1,163,1,1,2,16,8,803,1,-1,0,1,1
61,5,1,3,-492,0,1,2,4,5,333,1,-1,0,0,0
25,8,2,1,1139,1,0,2,15,8,22,3,-1,0,0,0
32,0,2,2,291,0,0,1,28,4,223,6,275,5,1,0
52,7,1,1,820,1,0,0,2,3,135,2,-1,0,0,0
77,5,1,2,0,0,0,0,16,10,847,1,60,1,1,1
32,7,1,1,1844,1,1,0,3,3,158,4,201,6,0,0
31,4,0,2,-547,1,1,0,31,5,101,10,-1,0,0,0
59,4,0,2,59,1,0,2,5,8,273,1,-1,0,0,0
35,0,2,1,182,1,0,2,3,6,117,1,-1,0,0,0
55,4,1,3,559,0,0,0,28,4,271,2,-1,0,0,0
52,9,1,1,0,1,0,0,7,11,211,1,294,1,0,1
48,1,1,0,1670,0,0,2,17,6,145,1,-1,0,0,0
55,4,0,2,2037,0,0,0,2,9,209,2,273,1,1,1
47,3,2,2,3727,0,0,2,12,6,993,6,-1,0,1,1
29,4,1,2,2417,1,0,0,7,8,126,2,-1,0,0,0
42,1,1,0,250,1,0,2,4,6,46,16,-1,0,0,0
39,0,1,1,260,1,0,0,11,1,175,2,116,2,0,1
57,4,1,0,6900,0,0,0,23,10,255,4,185,2,1,1
51,4,1,2,0,0,1,0,29,5,204,6,-1,0,0,0
45,10,0,1,3354,1,0,2,29,8,746,1,-1,0,1,1
55,1,1,0,781,1,0,0,3,3,112,3,270,2,0,0
40,0,2,1,664,0,0,0,19,9,188,2,121,2,1,0
72,6,1,2,132,0,0,0,27,0,444,1,-1,0,1,1
46,4,1,2,460,0,0,0,28,4,56,1,-1,0,0,0
37,4,1,2,1594,1,0,0,17,0,110,1,260,5,0,0
38,4,1,2,1440,0,0,0,11,1,111,2,-1,0,0,0
32,4,2,2,1134,0,0,0,28,1,85,4,-1,0,0,0
31,4,1,2,156,0,0,0,13,1,657,7,-1,0,1,1
71,5,0,1,4380,0,0,0,22,11,369,1,-1,0,1,1
47,6,1,2,1011,0,0,0,6,10,808,1,-1,0,1,1
30,7,2,1,101,1,0,0,19,9,85,2,-1,0,0,0
47,9,1,1,1167,1,0,0,30,0,968,1,87,5,1,1
34,9,1,2,100,0,0,0,20,1,196,2,-1,0,0,0
40,7,0,1,160,0,0,0,14,5,123,3,-1,0,0,0
35,9,0,1,3549,1,0,0,13,1,250,4,-1,0,0,0
46,1,1,3,842,1,0,1,8,8,833,1,-1,0,1,1
56,1,1,1,1210,0,0,2,11,6,935,1,-1,0,1,1
29,1,2,1,415,0,1,0,28,4,161,1,-1,0,0,0
43,0,1,1,2,1,1,0,22,5,254,1,-1,0,0,0
66,5,1,2,3,0,0,0,6,1,550,1,-1,0,1,1
36,0,0,1,437,1,0,0,14,8,722,2,344,1,1,1
45,9,1,1,44,1,0,2,5,8,95,4,-1,0,0,0
41,9,1,1,0,0,0,0,29,1,141,2,-1,0,0,0
42,9,1,1,1865,1,0,2,15,8,164,1,-1,0,0,0
31,1,1,0,-537,1,1,0,21,5,1039,7,-1,0,1,1
29,6,2,2,476,1,0,0,18,8,427,1,-1,0,1,1
50,9,1,1,2497,1,0,0,21,9,35,1,176,1,0,0
31,4,2,2,165,0,1,0,8,1,523,2,-1,0,0,1
28,7,1,1,222,1,0,2,29,8,101,23,-1,0,0,0
42,7,1,1,1165,1,0,0,18,8,485,6,-1,0,1,0
44,9,1,1,11016,0,0,2,9,6,252,3,-1,0,0,0
44,0,1,1,262,1,0,0,9,5,74,1,-1,0,0,0
41,0,1,1,1395,1,1,0,11,8,85,1,308,2,0,0
41,9,2,2,431,0,0,0,22,10,133,1,107,2,1,1
36,9,0,1,1451,1,0,0,23,5,192,4,93,17,1,1
34,5,1,0,4499,0,0,2,21,8,1681,1,-1,0,1,1
54,7,2,1,0,0,0,0,23,11,209,1,-1,0,1,1
53,0,1,1,1796,0,0,1,15,2,476,1,193,1,1,1
54,4,1,0,2587,0,0,0,2,6,236,2,-1,0,1,1
74,5,1,2,1843,0,0,0,15,11,251,2,184,3,1,1
40,10,0,1,1694,0,0,0,12,1,473,6,-1,0,1,1
44,7,1,1,808,1,0,2,2,6,67,2,-1,0,0,0
33,7,1,1,3444,1,0,1,21,10,144,1,91,4,1,1
58,5,1,1,-324,1,0,0,7,8,229,2,-1,0,0,0
34,0,1,2,1636,1,1,0,6,11,136,1,521,2,1,0
55,5,1,1,241,1,0,2,20,6,14,6,-1,0,0,0
32,4,1,2,937,0,0,0,28,1,90,1,94,2,0,0
57,5,1,1,3738,1,0,0,20,5,178,2,92,8,1,1
34,6,1,1,179,1,1,0,24,5,137,4,-1,0,0,0
50,4,2,3,1277,0,0,0,4,8,63,1,-1,0,0,0
44,0,2,1,275,1,0,0,14,8,7,5,367,4,0,0
49,1,0,0,-9,1,1,2,5,8,389,1,-1,0,0,0
25,4,2,2,493,1,0,2,4,6,301,1,-1,0,1,0
33,9,2,2,317,1,0,0,4,6,323,1,80,14,1,1
30,4,2,2,2,1,1,0,25,5,1031,8,-1,0,1,1
31,8,2,1,216,0,0,0,3,6,138,1,-1,0,1,0
73,5,1,0,542,0,0,0,26,10,355,1,180,5,1,1
45,10,2,1,382,1,1,0,18,8,182,1,-1,0,0,0
35,7,1,1,377,0,1,0,31,5,30,13,-1,0,0,0
28,7,2,1,341,1,0,0,15,8,437,3,347,3,1,1
42,10,1,2,0,0,0,0,8,10,113,1,-1,0,1,0
60,9,1,1,1740,0,0,0,13,7,296,2,-1,0,1,1
32,9,1,1,4790,1,0,0,22,5,314,2,-1,0,0,0
40,4,1,2,413,1,0,2,14,8,150,1,-1,0,0,0
55,0,1,1,512,0,0,0,18,1,115,4,-1,0,0,0
42,4,1,0,860,1,0,2,15,8,90,3,-1,0,0,0
31,9,1,1,2363,1,0,2,13,8,247,1,-1,0,0,0
36,4,1,2,242,1,0,0,14,8,20,1,-1,0,0,0
40,7,0,0,4,1,0,0,7,8,171,2,-1,0,0,0
41,2,1,0,0,0,0,0,3,5,438,2,389,1,1,1
42,9,1,2,757,0,0,0,30,0,354,1,79,1,1,1
37,4,1,2,1113,0,0,0,1,11,265,2,183,2,1,1
53,4,1,2,0,1,0,0,14,5,85,3,-1,0,0,0
24,8,2,1,1234,0,0,0,21,5,314,1,156,2,1,1
37,9,1,1,177,1,0,0,16,5,464,3,-1,0,1,0
32,4,2,2,520,0,0,0,3,3,443,2,-1,0,1,1
30,9,1,2,141,0,0,0,29,4,166,2,-1,0,0,0
41,10,1,2,0,0,0,0,30,10,373,3,-1,0,1,1
54,4,0,1,300,1,0,0,20,9,562,2,-1,0,1,1
27,0,1,2,2855,0,0,0,22,5,138,2,178,4,0,1
52,4,2,2,83,0,0,0,26,1,1223,6,-1,0,1,1
53,7,1,1,2925,1,0,2,15,8,1392,4,-1,0,1,0
47,9,1,1,1571,1,0,0,11,8,261,1,369,2,1,0
30,4,2,2,-218,1,0,0,27,1,13,15,-1,0,0,0
53,9,1,3,2242,0,0,0,10,5,154,14,-1,0,0,0
36,7,1,1,4721,0,0,0,9,2,149,3,-1,0,0,1
34,7,1,1,-538,1,0,2,26,8,682,1,-1,0,1,1
33,4,2,2,1240,1,0,0,4,3,505,2,260,1,1,0
57,4,0,3,854,0,0,0,6,10,480,1,40,5,1,1
38,7,1,1,1313,0,0,2,17,6,33,2,-1,0,0,0
22,4,2,2,760,0,0,1,7,2,6,1,-1,0,0,0
46,7,0,1,355,1,0,0,8,8,122,2,338,8,0,0
30,9,2,0,2731,1,0,0,14,0,314,1,-1,0,0,0
42,3,1,0,1371,0,0,2,18,6,125,8,-1,0,0,0
31,1,1,1,1660,1,0,0,20,0,342,1,-1,0,0,0
35,1,1,1,1949,1,0,2,2,6,200,3,-1,0,0,0
38,7,2,1,2253,1,0,0,13,8,937,3,-1,0,1,1
31,7,2,1,91,1,0,0,18,8,111,2,-1,0,0,0
56,7,1,1,0,0,0,0,13,1,112,4,-1,0,0,0
54,4,1,1,0,0,0,0,19,9,106,1,-1,0,0,0
28,1,2,0,0,1,1,2,3,6,380,4,-1,0,0,0
29,4,2,2,3041,1,0,0,8,8,606,3,-1,0,1,1
30,9,2,1,19,1,0,0,18,1,16,15,-1,0,0,0
47,4,0,2,8226,1,0,0,30,5,137,2,-1,0,0,0
77,5,1,0,29340,0,0,0,15,7,257,1,91,2,1,1
55,4,1,2,7803,0,0,0,15,4,441,1,-1,0,1,1
70,5,1,1,2384,0,0,0,30,10,196,2,-1,0,1,1
50,7,2,1,1716,1,0,0,7,0,272,1,-1,0,0,0
53,9,1,1,10185,0,0,0,23,7,115,1,-1,0,1,1
29,7,2,1,1008,1,0,2,23,8,426,9,-1,0,1,0
38,1,1,3,0,1,0,0,2,0,477,2,267,1,1,0
31,0,1,1,8781,1,0,0,14,8,680,1,177,1,1,1
28,8,2,1,153,0,0,0,23,5,1124,2,-1,0,1,1
50,0,1,1,1138,1,1,0,31,5,73,8,-1,0,0,0
30,0,0,1,377,1,0,2,4,6,524,15,-1,0,0,1
30,0,2,1,2702,1,0,0,24,5,129,2,-1,0,0,0
57,4,0,2,408,1,0,0,13,8,402,2,351,1,0,0
31,4,1,2,546,0,0,0,7,1,147,2,-1,0,0,0
36,6,1,1,1245,1,0,2,6,6,1469,9,-1,0,1,1
52,4,1,2,583,0,0,0,17,9,209,1,91,2,1,1
46,4,0,2,461,0,0,0,30,2,369,2,-1,0,0,1
45,0,1,1,231,1,0,2,18,6,151,3,-1,0,0,0
35,9,1,1,410,1,0,0,20,9,67,2,-1,0,0,0
37,4,1,2,5016,0,0,0,8,1,119,1,-1,0,0,0
45,0,1,1,434,0,0,0,26,1,76,4,-1,0,0,0
59,5,0,0,-88,1,0,2,5,6,910,2,-1,0,1,1
30,4,2,2,3340,0,0,0,3,6,238,3,-1,0,1,1
32,8,2,3,4110,0,0,0,6,3,119,8,-1,0,0,0
46,6,0,2,21,0,0,0,30,5,566,2,-1,0,1,1
25,4,2,2,490,0,0,0,7,11,394,1,-1,0,1,0
37,0,2,1,781,0,0,0,20,1,75,1,-1,0,0,0
31,1,1,0,605,1,0,2,15,8,334,10,-1,0,0,0
31,0,2,1,554,1,0,0,5,3,94,1,-1,0,0,0
32,7,2,1,-1139,1,0,0,7,5,201,1,-1,0,0,0
36,9,0,1,160,1,0,2,26,8,142,1,-1,0,0,0
29,9,1,1,767,1,0,0,5,3,253,1,-1,0,0,0
31,1,0,1,-277,1,0,1,17,5,1008,2,-1,0,1,1
42,9,1,1,534,0,0,0,5,1,314,1,-1,0,0,0
55,0,1,1,602,0,0,0,4,3,390,2,150,6,1,1
38,1,0,0,0,1,0,0,13,8,531,2,-1,0,1,1
20,8,2,1,215,0,0,0,21,1,228,4,183,1,1,1
35,4,2,1,73,1,0,2,28,8,79,2,-1,0,0,0
31,0,2,2,-218,1,0,2,2,6,227,15,-1,0,0,0
56,2,1,2,-124,1,0,2,15,8,374,5,-1,0,0,0
45,1,1,1,87,1,0,0,14,8,96,1,360,3,0,0
36,9,1,1,-393,0,0,1,14,1,119,4,-1,0,0,0
49,1,2,0,2146,1,0,0,7,8,1516,2,353,2,1,1
54,9,1,1,1938,0,1,0,28,5,551,3,-1,0,0,1
42,1,1,0,1556,0,1,0,8,5,113,1,-1,0,0,0
41,0,1,1,338,1,0,2,16,8,121,1,-1,0,0,0
40,1,1,1,5060,0,0,2,9,9,299,1,-1,0,1,1
32,9,2,1,29,0,0,0,19,1,156,2,-1,0,0,0
35,1,1,0,22,1,0,0,15,8,1190,2,302,2,1,1
43,9,1,1,0,0,1,0,8,8,9,2,172,5,0,0
41,4,1,2,1092,0,0,0,5,1,736,1,-1,0,1,1
40,4,1,2,143,0,0,0,13,1,832,6,-1,0,1,0
29,4,2,2,265,0,0,0,22,8,491,1,-1,0,1,1
33,4,2,2,1724,0,0,0,3,3,252,6,-1,0,0,0
55,5,1,1,0,0,0,0,4,1,1110,1,-1,0,1,1
61,5,1,2,2557,1,0,0,11,1,139,3,190,1,1,1
41,9,1,1,2990,1,0,2,30,8,62,3,-1,0,0,0
47,9,1,2,4568,0,0,2,9,6,100,1,-1,0,0,0
45,1,2,1,615,1,0,0,15,8,133,1,-1,0,0,0
36,0,2,1,449,1,0,2,20,6,136,3,-1,0,0,0
44,6,2,2,1367,1,0,0,13,0,1232,3,146,1,1,1
60,5,0,1,514,0,0,0,16,7,263,1,124,9,1,1
40,1,1,1,100,1,0,2,29,8,218,2,-1,0,0,0
60,4,1,1,0,0,0,0,20,8,321,4,87,8,0,0
52,5,1,0,6,0,0,0,22,1,82,2,-1,0,0,0
32,10,1,1,365,1,0,0,30,4,210,3,-1,0,0,0
43,1,2,0,-399,0,1,0,28,5,662,3,-1,0,1,1
26,8,2,1,864,1,0,0,15,8,659,1,-1,0,1,1
34,4,2,2,3821,1,0,0,13,8,649,2,-1,0,1,1
80,5,1,0,1021,0,0,1,26,3,37,1,-1,0,1,0
53,9,1,1,1982,1,1,0,27,9,160,1,-1,0,0,1
77,5,1,0,1385,0,0,1,8,11,160,4,-1,0,0,0
44,6,1,3,163,1,0,0,4,8,364,3,-1,0,1,1
42,1,2,0,1628,1,0,0,25,5,590,8,-1,0,1,1
33,7,2,1,152,1,0,0,25,8,202,2,365,2,0,1
43,1,0,0,177,0,0,0,3,3,124,1,-1,0,0,0
36,6,2,2,3560,0,0,2,2,6,409,2,-1,0,0,0
43,9,1,2,591,1,0,0,8,1,889,2,-1,0,1,0
30,9,1,2,541,1,0,2,26,8,414,2,-1,0,0,1
47,9,0,1,5735,0,0,2,19,6,282,4,-1,0,0,0
48,4,1,2,1167,1,1,0,1,6,264,1,-1,0,1,1
27,4,2,1,924,1,0,0,3,3,84,1,-1,0,0,0
44,0,0,1,0,0,0,0,14,0,1594,1,148,1,1,1
44,0,1,1,345,1,0,1,16,5,208,8,-1,0,0,0
33,1,1,1,1240,1,0,0,12,8,844,1,-1,0,1,1
30,1,1,1,177,1,0,0,9,0,62,2,332,3,0,0
38,9,2,1,565,1,0,0,30,0,1143,1,-1,0,1,1
28,1,2,0,426,1,0,0,18,8,953,3,-1,0,1,0
31,9,2,2,53,0,0,0,28,4,97,2,-1,0,0,0
34,0,1,1,155,0,0,0,5,3,696,2,-1,0,1,1
40,1,1,1,1508,0,0,0,3,9,177,2,85,3,1,0
25,6,2,2,42,1,0,0,5,6,149,1,94,1,1,1
49,4,1,2,-6847,0,1,0,21,5,206,1,-1,0,0,0
45,1,1,0,2433,0,0,0,6,1,133,2,-1,0,0,0
31,1,0,1,0,1,1,0,18,5,913,4,-1,0,1,1
44,1,2,1,25,1,0,0,12,8,244,3,-1,0,0,0
47,4,0,2,12026,1,0,1,27,10,251,1,-1,0,1,1
34,1,2,1,79,0,1,0,20,9,104,1,-1,0,0,0
62,4,1,2,997,0,0,0,22,0,554,1,304,2,1,1
57,1,1,1,773,1,1,2,18,6,97,8,-1,0,0,0
33,9,0,1,6,0,0,0,22,1,239,2,-1,0,0,0
23,9,2,1,4,1,0,0,8,8,763,1,-1,0,1,1
74,5,1,1,1714,0,0,1,17,3,127,1,-1,0,0,1
34,1,2,1,1759,0,1,0,25,5,695,1,-1,0,1,1
26,4,2,2,-8,0,0,0,13,1,402,2,-1,0,0,0
54,1,1,1,-102,1,0,0,27,1,164,7,-1,0,0,0
30,9,1,1,4,1,0,0,8,8,17,5,-1,0,0,0
42,4,1,3,1519,0,0,0,19,10,230,1,92,1,1,1
28,1,2,1,97,1,0,2,7,8,67,1,-1,0,0,0
40,9,1,1,214,0,0,0,25,1,59,6,-1,0,0,0
36,4,1,2,0,1,0,0,29,4,86,1,237,17,0,0
40,0,1,1,0,1,0,2,23,8,193,2,-1,0,0,0
31,4,1,2,3,1,1,0,11,3,331,1,-1,0,0,1
30,4,2,2,536,0,0,0,2,5,309,1,-1,0,0,1
67,5,0,0,2027,0,0,0,15,7,161,2,-1,0,1,1
93,5,1,3,775,0,0,0,22,5,860,2,177,7,1,1
28,4,2,2,1808,0,0,0,30,0,309,1,-1,0,1,1
28,1,2,1,0,0,1,0,31,5,11,21,-1,0,0,0
44,1,1,1,0,0,0,0,30,5,684,2,-1,0,1,1
42,1,1,3,452,1,0,0,17,9,359,2,-1,0,0,0
42,1,1,0,-181,1,0,2,15,8,297,3,-1,0,0,0
59,4,1,2,1,1,0,0,29,0,210,1,-1,0,0,1
32,7,2,2,1743,1,0,0,1,0,1156,1,261,3,1,0
62,5,1,1,1495,0,0,0,13,10,896,1,57,2,1,1
39,0,0,1,728,1,1,0,18,10,222,1,-1,0,1,1
45,1,1,0,789,0,1,0,29,4,79,1,-1,0,0,0
31,9,1,2,11,0,0,0,27,1,651,2,-1,0,1,0
45,0,0,1,59,1,0,0,24,5,873,8,-1,0,1,1
39,4,1,2,2939,0,0,0,15,4,348,2,-1,0,0,1
31,4,2,2,424,0,1,0,7,1,224,2,-1,0,0,0
56,1,1,0,2442,0,1,0,18,1,111,7,-1,0,0,0
57,1,1,1,6004,1,0,0,12,1,157,6,-1,0,0,0
50,1,1,0,82,0,0,1,5,0,456,1,-1,0,1,1
28,8,2,1,28,0,0,0,29,4,220,2,-1,0,0,0
55,4,2,1,220,1,0,2,6,8,328,2,-1,0,0,0
28,0,1,1,934,1,0,2,4,5,53,2,-1,0,0,0
43,0,0,1,729,1,0,2,30,8,668,2,-1,0,1,0
54,5,0,0,22,0,0,2,20,6,23,4,-1,0,0,0
58,2,1,2,853,0,0,2,5,6,1149,2,-1,0,1,1
42,9,1,1,994,1,0,0,12,9,227,3,93,6,1,1
56,4,1,1,0,0,0,0,27,10,298,1,111,8,0,1
43,9,1,1,994,1,1,0,5,8,51,1,-1,0,0,0
26,1,2,1,78,0,0,1,28,4,43,1,-1,0,0,0
30,0,2,1,1309,0,0,0,28,4,622,1,-1,0,1,1
40,10,1,1,219,1,0,2,5,8,357,1,-1,0,0,0
43,9,0,3,4389,0,0,1,2,5,632,2,85,1,1,1
41,4,1,1,280,1,0,0,2,6,88,1,95,2,1,0
27,8,2,2,0,0,0,0,5,7,82,3,-1,0,0,1
60,4,1,3,264,0,0,1,1,3,265,1,-1,0,1,1
37,4,1,2,-666,1,0,0,18,9,204,2,-1,0,0,0
33,6,2,2,562,1,1,0,6,0,196,1,363,1,1,1
26,9,1,1,-119,0,1,0,9,5,359,5,-1,0,0,1
39,4,2,1,2644,0,0,0,19,1,192,7,-1,0,0,0
56,0,2,1,1854,1,0,1,7,8,45,1,342,2,0,0
37,2,0,1,175,1,1,2,13,8,753,6,-1,0,1,1
51,9,1,2,825,0,0,0,17,9,977,3,-1,0,1,1
40,1,1,1,1938,1,0,0,7,8,228,1,-1,0,0,0
57,1,0,0,5041,1,0,0,16,0,284,1,336,1,1,0
34,0,1,1,0,1,0,0,10,3,97,1,85,1,0,1
46,9,2,2,4414,0,0,0,18,1,504,7,-1,0,1,1
73,5,1,0,508,0,0,0,14,6,154,4,97,1,0,0
42,9,1,1,2,0,0,2,29,8,249,2,-1,0,0,0
40,2,1,0,3676,1,1,2,15,8,101,1,-1,0,0,0
34,1,1,1,243,1,0,0,18,8,507,1,-1,0,1,1
64,5,1,0,440,0,0,0,6,3,495,1,-1,0,1,1
26,4,2,2,1623,0,0,0,2,6,479,1,-1,0,1,1
36,4,0,2,81,0,1,0,22,5,560,1,-1,0,0,1
27,7,2,1,1820,1,0,0,17,5,1027,1,-1,0,1,1
26,9,2,1,3244,0,0,0,2,3,141,1,5,1,0,0
24,8,2,2,235,0,0,0,9,3,98,1,92,1,0,1
77,5,1,1,820,0,0,1,21,10,330,2,181,4,1,1
35,6,1,2,1178,1,1,0,15,0,220,2,183,5,1,0
36,1,1,0,1925,1,0,0,20,0,904,2,-1,0,1,1
49,1,1,0,399,0,0,0,29,4,679,1,-1,0,1,0
37,0,1,1,0,1,0,0,22,5,185,1,-1,0,0,0
28,0,2,1,352,1,1,0,18,8,431,1,-1,0,1,1
29,1,1,0,630,1,0,0,30,5,219,5,-1,0,0,0
42,4,0,0,0,1,0,0,19,9,73,5,-1,0,0,0
41,1,1,1,356,1,0,0,14,8,90,5,-1,0,0,0
24,4,2,2,1,0,0,0,14,8,396,5,-1,0,1,1
44,4,2,2,1090,0,0,0,20,10,178,4,93,6,1,1
41,1,1,1,449,1,1,0,12,8,313,2,-1,0,0,0
66,4,1,3,2149,1,0,0,26,8,135,2,90,11,0,1
31,0,1,1,3540,1,0,0,21,9,441,1,-1,0,1,0
28,1,2,1,455,1,0,0,11,5,166,1,-1,0,0,0
36,7,0,1,0,0,1,0,15,5,687,7,-1,0,1,1
52,2,1,0,8298,1,1,2,28,8,123,18,-1,0,0,0
30,1,0,0,1,1,0,2,6,6,63,9,-1,0,0,0
32,1,2,1,15341,0,0,2,21,8,738,3,-1,0,1,0
30,9,2,1,194,0,1,0,27,1,60,3,-1,0,0,0
46,2,1,2,-43,0,0,2,12,8,138,8,-1,0,0,0
51,0,1,1,241,0,0,0,7,2,308,2,-1,0,0,1
68,5,1,1,1146,0,0,0,16,9,212,1,187,6,1,1
41,7,2,1,92,0,0,0,21,9,372,1,-1,0,1,1
33,9,1,1,4790,1,0,0,20,0,137,1,272,2,0,0
32,7,2,1,-198,1,0,2,21,8,681,3,-1,0,1,1
34,0,0,1,661,1,0,0,5,1,245,2,183,10,0,1
31,9,2,1,816,0,0,0,9,6,100,2,-1,0,0,0
33,7,1,1,5034,1,0,2,8,8,207,3,-1,0,0,0
44,9,2,1,285,1,0,0,12,8,373,3,-1,0,0,0
46,1,0,0,916,1,0,0,11,8,472,2,-1,0,1,0
55,9,1,2,11,0,0,0,21,1,588,2,-1,0,1,0
46,9,2,1,874,0,0,0,19,9,819,3,-1,0,1,1
30,1,1,0,201,1,0,0,31,1,219,1,157,12,0,1
41,9,0,1,1631,1,0,0,12,1,173,2,-1,0,0,0
47,1,1,1,3630,1,0,2,14,8,133,4,-1,0,0,0
37,4,1,2,3723,0,0,0,22,8,354,1,-1,0,1,1
35,9,0,2,0,1,0,2,15,8,759,1,-1,0,0,0
33,9,1,2,8023,0,0,0,30,9,107,1,105,3,1,0
26,6,2,1,467,1,1,2,4,6,90,2,-1,0,0,0
63,5,0,0,109,0,0,0,10,9,406,2,-1,0,1,1
55,3,1,0,3680,0,0,2,16,6,131,1,-1,0,0,0
36,9,0,1,54,1,0,0,27,1,1642,3,-1,0,1,1
29,10,2,2,1311,0,0,0,28,1,622,1,-1,0,1,1
29,1,2,1,348,1,0,2,9,8,185,2,-1,0,0,0
37,0,1,1,274,1,0,2,27,8,731,3,-1,0,1,1
20,0,2,1,336,0,1,0,5,6,133,1,-1,0,1,0
31,1,0,0,158,1,0,2,28,8,157,1,-1,0,0,0
44,6,1,2,1196,0,0,0,20,1,552,5,-1,0,1,1
77,5,0,2,4659,0,0,0,14,0,161,1,-1,0,0,1
72,5,0,0,0,0,0,1,28,1,359,1,-1,0,0,0
32,7,2,3,2378,0,0,0,17,9,1132,2,-1,0,1,1
34,4,1,2,676,0,0,1,11,9,486,1,-1,0,1,1
50,6,2,1,766,1,0,0,7,8,253,2,304,4,0,0
40,9,2,2,1175,0,0,0,14,0,184,1,-1,0,1,1
50,7,1,1,1595,0,0,2,9,6,882,1,-1,0,1,1
59,5,0,2,3444,0,0,0,6,3,241,2,-1,0,0,1
36,1,1,0,871,1,1,1,18,9,2,1,-1,0,0,0
49,9,1,2,80,0,0,0,17,5,123,1,-1,0,0,0
46,1,1,2,993,1,0,2,16,6,78,1,-1,0,0,0
36,9,2,1,12,0,0,0,12,1,587,2,-1,0,1,1
37,7,1,1,52,1,0,0,6,11,908,1,185,9,0,1
57,9,1,1,589,1,0,0,28,4,198,1,244,1,0,0
32,1,1,1,3166,1,0,0,20,9,418,3,-1,0,1,0
78,5,1,3,4807,0,0,1,22,10,1002,4,-1,0,1,1
52,0,2,3,872,1,0,1,18,8,82,6,335,1,0,0
33,0,1,3,2780,0,0,0,19,9,485,1,-1,0,1,1
47,1,1,1,863,1,0,2,19,8,943,2,-1,0,1,1
29,4,2,2,572,0,0,0,16,2,314,1,195,1,1,1
31,1,2,1,1979,1,1,0,6,8,1205,1,-1,0,1,1
31,4,1,2,3914,0,1,0,29,4,266,1,-1,0,0,0
29,4,2,2,572,0,0,0,4,6,224,1,-1,0,1,1
22,8,2,1,216,0,0,0,8,3,363,1,187,1,1,1
45,10,0,1,-44,1,0,0,7,5,256,2,-1,0,0,0
34,9,2,1,1313,0,0,0,12,1,176,1,21,6,1,0
37,4,0,1,16,1,0,2,30,8,638,1,-1,0,0,1
31,10,1,1,6,0,0,0,4,6,121,4,-1,0,1,1
60,5,1,1,194,0,1,0,30,5,61,5,-1,0,0,0
41,1,0,1,5291,1,0,2,14,8,1423,3,-1,0,1,1
48,4,2,2,830,0,0,0,25,1,961,4,-1,0,1,1
30,7,0,1,0,0,0,0,29,4,89,1,-1,0,0,0
49,4,1,2,342,0,0,0,30,4,433,2,228,1,1,0
33,2,2,2,300,1,1,0,30,4,922,5,-1,0,1,1
34,4,2,2,1396,1,0,0,17,5,630,1,-1,0,1,0
32,6,1,0,286,1,0,0,6,1,175,1,-1,0,0,0
34,9,2,1,161,0,1,0,8,1,61,2,-1,0,0,0
28,4,2,2,9314,0,0,0,2,5,276,2,-1,0,0,1
21,8,2,0,423,0,0,1,18,4,287,5,285,5,1,1
57,1,1,0,23,1,0,1,31,5,25,8,-1,0,0,0
45,4,1,2,786,0,0,0,10,11,84,3,-1,0,0,1
35,1,0,0,1792,1,0,0,31,5,630,6,-1,0,1,1
47,0,1,1,368,0,0,0,23,3,269,1,187,5,1,1
42,1,1,1,1297,1,0,0,3,0,697,2,-1,0,1,0
64,4,1,3,2352,0,0,0,4,8,153,2,182,11,0,1
56,1,1,1,771,1,1,2,19,6,254,1,-1,0,0,0
62,10,1,1,780,0,0,0,28,1,162,2,-1,0,0,1
49,0,1,1,197,1,0,0,13,0,223,1,182,2,0,1
38,2,1,2,678,0,1,0,18,9,82,2,152,1,0,0
53,1,1,1,136,1,0,2,15,8,99,1,-1,0,0,0
60,9,1,0,4243,1,0,0,4,3,387,1,251,1,1,0
34,0,0,1,627,1,0,2,7,8,283,2,-1,0,0,0
45,7,1,1,561,1,0,2,29,8,340,7,-1,0,0,0
27,3,1,0,-238,0,0,0,14,5,132,4,-1,0,0,0
35,9,2,2,2658,1,0,0,19,1,768,2,141,3,1,1
36,4,2,1,1511,1,0,0,16,9,270,1,-1,0,0,1
26,0,2,1,1327,0,0,0,30,7,171,4,-1,0,1,0
41,9,2,3,356,1,0,2,13,8,93,2,-1,0,0,0
37,9,1,1,157,1,0,2,7,8,238,2,-1,0,0,0
31,9,2,2,24,0,0,0,21,1,246,2,-1,0,0,0
24,1,2,1,-203,1,0,2,12,6,465,3,-1,0,1,1
47,9,1,1,1167,1,0,0,4,1,505,1,96,6,1,1
38,9,1,1,6728,0,0,0,25,9,232,1,96,4,1,1
77,5,1,2,7802,0,0,1,1,3,483,2,-1,0,1,1
34,3,0,0,46,1,0,1,11,5,31,2,-1,0,0,0
23,1,1,1,272,0,0,0,14,1,100,2,-1,0,1,1
31,9,2,2,967,0,0,0,21,9,210,3,-1,0,1,0
37,4,2,2,72,1,1,0,20,0,885,5,150,7,0,1
25,1,2,0,17,1,0,2,13,8,97,2,-1,0,0,0
34,10,1,1,978,0,0,0,3,6,262,2,71,1,1,1
50,1,0,1,204,1,1,2,14,8,421,1,-1,0,0,0
36,1,1,1,274,1,0,2,16,6,686,11,-1,0,1,1
60,3,1,1,0,0,0,1,3,1,676,2,181,5,1,1
58,3,1,0,435,1,0,1,28,5,122,6,-1,0,0,0
63,5,1,1,2896,0,0,0,4,7,180,2,-1,0,1,1
38,1,1,0,362,1,0,2,8,8,100,5,-1,0,0,0
32,1,2,2,3014,1,0,0,7,8,291,2,-1,0,0,0
38,6,0,1,2674,1,0,2,19,6,163,2,-1,0,0,0
39,1,1,1,11854,1,0,0,15,8,15,9,-1,0,0,0
46,0,0,1,2087,0,0,0,1,6,111,1,119,4,0,0
44,1,1,1,1397,0,0,0,20,9,326,1,-1,0,1,0
25,6,1,2,1182,1,0,2,26,8,141,2,-1,0,0,0
40,8,1,1,260,0,0,0,19,9,52,1,152,6,0,0
60,5,0,2,2,0,0,0,2,7,228,4,390,2,1,1
47,0,1,1,663,1,1,0,12,8,409,1,274,6,0,1
49,9,0,1,5,0,0,0,19,1,131,2,-1,0,0,0
47,9,1,2,1694,0,1,2,20,6,560,3,-1,0,1,1
55,1,1,3,6134,0,0,0,6,1,127,2,-1,0,0,0
25,0,2,1,2816,0,0,0,30,0,327,1,-1,0,1,1
25,1,2,1,303,0,0,0,18,6,252,1,92,1,1,1
31,9,2,2,969,0,0,0,15,6,95,1,-1,0,0,0
58,1,1,1,1298,1,0,2,29,8,516,4,-1,0,0,0
32,1,1,1,1,1,0,2,8,8,102,1,-1,0,0,0
50,4,0,2,299,0,0,0,17,9,666,3,-1,0,1,0
50,4,2,1,4527,1,0,0,14,8,140,1,-1,0,0,0
52,0,1,1,299,0,0,0,19,9,310,4,-1,0,1,0
56,4,1,2,705,0,0,0,19,9,164,2,-1,0,0,0
61,5,1,0,197,0,0,0,17,3,113,1,-1,0,0,1
32,7,1,1,-34,1,0,2,30,8,1236,2,-1,0,1,1
27,9,2,2,11862,0,0,0,20,1,217,1,87,6,1,1
32,1,1,1,-1,1,0,2,9,8,653,1,-1,0,0,1
25,9,2,1,4718,0,0,0,24,5,709,1,-1,0,1,1
67,5,1,0,942,0,0,0,6,9,455,2,84,2,1,1
44,2,1,2,624,0,0,1,14,1,552,2,-1,0,1,1
34,1,1,1,199,1,0,2,8,8,627,3,-1,0,0,0
38,7,1,1,105,0,0,0,30,5,244,2,-1,0,0,0
61,5,1,0,56,0,0,0,7,11,288,3,-1,0,1,1
30,4,2,2,218,0,0,2,3,6,75,1,-1,0,0,0
49,4,0,1,-46,1,0,2,9,6,1055,10,-1,0,1,1
60,5,1,1,2060,0,0,0,26,7,454,1,88,3,1,0
36,4,1,2,630,0,0,0,2,3,285,1,-1,0,0,1
51,5,2,2,730,1,0,2,18,9,287,2,-1,0,1,0
35,9,1,2,108,1,0,0,31,5,65,3,-1,0,0,0
31,0,2,1,131,1,0,0,15,6,151,1,-1,0,1,1
41,1,1,1,0,1,0,0,1,0,625,2,-1,0,1,0
34,9,1,2,8029,1,0,0,14,1,593,4,-1,0,0,1
42,9,1,1,3082,0,0,0,11,11,285,1,-1,0,1,1
46,0,1,1,1252,1,1,0,17,9,59,1,-1,0,0,0
33,4,1,1,336,0,0,0,15,0,179,3,-1,0,1,1
44,9,1,1,7863,0,0,0,26,1,59,6,-1,0,0,0
53,4,1,2,800,0,0,0,18,9,90,1,-1,0,0,0
33,1,1,1,202,1,0,0,17,0,377,1,-1,0,0,0
39,1,2,1,29,1,0,2,7,8,214,2,-1,0,0,0
56,7,1,1,654,0,0,0,15,11,875,1,-1,0,1,1
29,7,1,1,57,1,0,1,21,5,342,9,-1,0,0,0
57,4,1,2,0,1,0,0,21,9,67,1,-1,0,0,0
35,3,2,1,1015,1,0,2,5,6,406,2,-1,0,0,1
46,9,1,1,940,0,0,0,5,1,1227,2,-1,0,1,1
59,5,1,1,0,0,0,2,5,6,812,1,-1,0,1,1
28,4,2,2,1287,1,0,0,26,3,65,1,-1,0,0,1
38,6,1,1,746,0,0,2,20,6,256,3,-1,0,0,0
31,1,1,1,64,1,0,0,18,5,302,3,-1,0,0,0
45,4,1,2,54,1,0,1,13,8,107,3,-1,0,0,0
56,1,1,1,448,1,1,0,17,8,556,1,181,2,1,1
31,4,2,2,0,1,0,0,8,11,76,1,-1,0,0,0
26,1,1,1,895,1,0,0,4,3,820,3,-1,0,1,0
29,7,2,1,192,0,0,0,30,4,327,4,-1,0,0,0
45,2,1,3,3133,1,1,0,10,5,804,1,-1,0,1,1
34,4,1,2,0,1,0,2,20,8,150,1,-1,0,0,0
37,0,2,1,9,1,0,0,14,8,165,1,-1,0,0,0
30,4,2,2,2876,0,0,0,6,1,103,4,-1,0,0,0
31,4,1,2,6138,0,0,0,16,10,154,2,119,5,1,1
35,4,2,1,-202,1,0,2,20,8,268,3,-1,0,0,0
30,1,2,0,253,1,0,0,5,8,259,1,-1,0,0,1
68,5,0,1,4189,0,0,1,14,5,897,2,-1,0,1,1
59,4,0,2,258,1,0,0,20,0,33,1,173,1,0,0
28,9,2,1,3,0,0,1,18,8,40,8,349,6,0,0
35,4,1,2,82,0,0,0,8,1,507,4,-1,0,1,1
48,9,1,1,10655,0,0,1,31,5,5,3,-1,0,0,0
19,8,2,0,134,0,0,0,27,7,271,2,-1,0,1,1
46,9,1,1,3434,0,1,0,27,3,115,1,-1,0,0,1
39,7,1,1,52,0,0,1,2,3,1420,3,-1,0,1,1
25,4,2,2,2140,0,0,0,1,10,81,1,-1,0,1,0
45,9,0,3,-25,0,1,2,3,5,158,3,-1,0,0,0
35,1,0,1,0,1,0,2,20,8,1205,1,-1,0,1,1
38,1,2,1,1012,1,1,1,17,9,69,1,-1,0,0,0
48,4,2,2,0,0,0,2,18,6,96,3,-1,0,0,0
46,3,1,1,271,1,0,0,30,5,1013,29,-1,0,1,1
34,4,1,2,179,1,0,0,20,9,184,1,-1,0,0,0
48,4,0,2,700,1,0,0,29,1,488,2,-1,0,1,0
26,4,2,2,194,0,0,0,22,0,407,2,-1,0,1,1
57,3,0,0,0,0,0,2,9,6,97,1,-1,0,0,0
35,0,1,1,2374,1,0,0,11,1,765,2,183,5,1,1
32,2,0,1,-934,1,0,0,18,9,50,1,-1,0,0,0
27,4,2,1,178,1,0,2,3,6,732,2,-1,0,1,1
31,7,2,1,671,1,0,2,7,8,193,3,-1,0,0,0
35,9,1,2,-269,1,1,0,14,8,344,4,-1,0,0,0
34,0,2,1,1581,1,1,2,20,8,52,11,-1,0,0,0
51,1,1,1,518,1,0,0,12,8,918,1,-1,0,1,1
45,9,1,1,1412,1,0,0,11,8,764,4,-1,0,1,0
34,7,2,1,528,1,0,0,2,11,121,3,100,5,1,1
45,4,1,3,9051,1,0,2,19,8,124,63,-1,0,0,0
44,1,1,1,-448,1,0,2,18,6,149,2,-1,0,0,0
28,9,2,2,0,1,0,0,15,0,217,2,-1,0,0,0
57,4,1,2,1318,0,0,0,16,10,115,1,185,2,0,1
31,1,2,1,1207,1,0,0,17,0,163,2,-1,0,0,0
31,4,2,2,533,0,0,1,12,8,372,1,90,10,1,1
34,7,0,1,0,1,1,2,20,8,203,1,-1,0,0,0
80,5,1,1,8304,0,0,1,9,6,712,1,64,12,1,1
30,9,2,2,0,0,0,0,28,1,262,6,-1,0,0,0
35,9,0,1,0,0,0,0,25,1,124,4,-1,0,0,0
57,5,1,0,1532,0,0,1,6,3,286,3,-1,0,0,0
49,0,1,1,167,0,1,0,9,5,51,1,-1,0,0,0
34,0,1,1,1499,1,0,0,13,0,186,1,327,2,0,0
77,5,0,1,3417,0,0,0,12,9,134,1,-1,0,0,1
49,9,1,1,412,0,0,0,19,1,1293,8,-1,0,1,1
67,9,1,1,0,0,0,0,13,1,1152,2,188,1,0,0
24,4,1,3,448,0,0,0,14,0,324,1,-1,0,1,1
34,1,1,0,15841,1,0,0,20,0,423,5,-1,0,0,0
53,4,1,2,-601,1,0,2,30,8,509,2,-1,0,1,0
53,0,1,1,578,0,0,0,29,1,59,2,-1,0,0,0
58,7,1,0,65,0,0,2,27,6,162,1,-1,0,0,0
30,4,2,2,2544,0,0,0,9,0,152,2,-1,0,1,1
53,0,2,0,0,1,0,0,7,8,176,1,322,5,0,0
49,4,1,2,5887,0,0,0,4,2,439,3,185,5,1,1
33,4,2,2,2667,1,0,0,18,8,57,1,180,3,0,0
35,9,1,1,518,1,0,0,30,0,616,1,-1,0,1,1
25,4,2,2,316,0,0,0,27,7,347,2,-1,0,1,1
30,1,1,1,486,1,0,2,29,8,1109,3,-1,0,1,1
61,4,1,2,267,0,0,0,21,10,192,3,184,1,1,1
39,9,1,2,437,0,0,1,27,8,186,2,-1,0,0,0
28,2,2,1,1734,1,0,2,3,6,161,3,-1,0,0,0
34,4,1,2,123,0,0,0,3,3,301,3,-1,0,0,1
57,0,1,1,2120,0,0,0,19,1,687,4,-1,0,1,1
49,7,1,2,411,0,0,1,14,8,9,6,-1,0,0,0
34,1,1,1,2308,1,0,2,7,8,1062,1,-1,0,1,0
50,3,2,0,1158,1,0,0,3,3,116,3,265,3,0,0
53,11,1,3,549,0,0,1,28,4,74,2,-1,0,0,0
26,4,2,2,47,1,0,0,18,8,63,1,-1,0,0,0
34,1,1,0,-78,1,0,2,9,8,198,1,-1,0,0,0
31,2,0,1,290,1,0,0,13,0,230,1,-1,0,0,0
41,9,1,2,13,0,0,2,5,6,189,2,-1,0,0,0
39,0,0,1,19,1,0,0,2,5,503,2,147,5,1,1
39,9,1,1,1965,1,0,2,2,6,65,1,-1,0,0,0
55,10,0,1,309,0,0,0,21,10,467,2,184,1,1,1
41,7,1,0,450,1,0,2,14,8,374,2,-1,0,0,0
57,9,0,2,96,0,0,0,21,1,913,4,-1,0,1,1
26,8,2,1,2572,1,0,0,5,8,620,1,-1,0,1,0
39,4,1,1,1880,0,0,0,12,1,768,2,-1,0,1,1
58,0,1,1,826,0,0,2,12,6,885,1,-1,0,1,1
33,4,1,2,0,1,0,0,28,5,54,3,-1,0,0,0
54,6,2,2,384,0,1,0,27,8,200,1,-1,0,0,1
45,0,1,1,1097,1,1,0,2,3,174,1,208,1,0,0
32,0,2,1,184,1,0,2,8,8,230,4,-1,0,0,0
54,0,1,1,865,1,0,0,17,9,71,1,-1,0,0,0
34,6,1,2,1972,1,0,0,23,5,61,2,-1,0,0,0
41,6,0,2,4418,1,0,0,21,9,855,3,-1,0,1,0
31,0,1,1,685,1,0,0,15,8,552,1,329,3,1,1
48,9,2,1,479,0,0,2,20,8,148,5,-1,0,0,0
33,4,1,2,644,1,1,0,3,3,124,2,271,2,1,0
36,1,1,1,537,0,1,0,7,5,206,6,-1,0,0,0
33,4,2,2,816,1,0,0,11,10,383,2,503,2,1,1
32,9,1,1,901,1,0,2,21,8,102,3,-1,0,0,0
34,4,1,2,303,1,0,0,29,4,50,1,195,2,0,0
48,1,1,1,1596,1,0,2,14,8,760,1,-1,0,1,1
71,5,0,2,1236,1,0,0,14,11,335,4,-1,0,1,1
30,9,2,1,816,1,0,2,14,9,179,1,-1,0,1,1
34,4,1,2,828,0,1,0,11,1,1080,3,-1,0,1,1
51,5,1,0,67,0,0,2,18,6,835,1,-1,0,1,1
24,0,2,1,1235,1,1,2,30,8,76,3,-1,0,0,0
50,0,1,1,1575,0,0,0,17,9,407,1,-1,0,1,0
32,7,1,1,109,1,0,2,2,6,364,13,-1,0,0,0
26,1,2,1,184,0,0,0,3,3,110,2,6,1,0,0
25,1,2,1,1243,0,1,0,10,5,1341,7,-1,0,1,1
40,9,0,2,0,0,0,2,17,6,522,1,-1,0,0,1
35,1,1,1,67,0,0,2,20,8,60,6,-1,0,0,0
55,3,1,0,10,0,0,0,4,3,174,3,-1,0,0,0
25,7,2,1,628,0,0,0,8,5,266,1,-1,0,0,0
29,1,1,1,8,1,1,0,10,5,627,1,-1,0,1,1
26,1,1,1,245,1,0,2,28,8,146,2,-1,0,0,0
30,4,1,2,5381,0,0,0,17,9,375,1,-1,0,1,0
25,9,2,1,1231,1,0,0,27,3,412,5,-1,0,1,1
34,0,1,1,79,1,0,2,23,8,83,1,-1,0,0,0
47,4,1,2,0,0,0,2,5,6,265,2,-1,0,0,0
45,0,1,1,0,0,0,0,19,1,145,10,-1,0,0,0
35,2,1,1,2971,0,0,0,4,8,429,4,164,2,1,1
25,8,2,1,154,0,0,0,3,7,141,1,180,2,0,1
31,0,1,1,113,1,0,0,18,9,474,3,-1,0,1,0
45,10,1,0,0,1,0,0,2,3,570,2,-1,0,1,0
40,7,2,1,19343,1,0,0,21,9,13,4,179,4,0,0
52,0,0,1,48,0,1,0,17,9,591,1,-1,0,0,0
36,4,2,3,62,0,0,0,13,5,311,1,91,2,1,1
43,9,2,1,451,0,0,0,12,1,289,2,-1,0,0,1
28,9,2,1,313,0,0,0,9,3,1183,2,-1,0,1,1
45,4,0,1,644,1,0,2,4,6,633,1,-1,0,0,1
40,1,1,0,1206,0,1,1,16,5,201,5,-1,0,0,0
40,4,2,2,0,1,0,0,23,3,228,2,182,6,0,1
36,7,1,1,1177,1,1,0,3,3,50,5,-1,0,0,0
64,6,1,2,661,0,0,0,21,2,367,2,294,2,1,1
36,4,1,2,1352,0,0,2,19,6,2028,1,-1,0,1,1
36,0,1,2,3221,0,0,0,4,8,322,11,-1,0,1,1
40,4,1,2,384,0,0,0,20,0,200,3,327,2,1,0
51,1,1,1,33,0,1,2,16,6,721,3,-1,0,0,1
36,2,0,2,3407,0,0,0,16,7,392,4,-1,0,1,1
38,4,1,2,238,0,0,0,4,1,139,1,92,3,1,1
28,9,2,2,75,1,1,0,5,8,233,2,-1,0,0,0
35,9,0,1,2047,1,0,0,1,10,66,1,-1,0,0,0
53,10,1,1,94,0,0,0,10,1,493,1,181,14,1,1
32,1,2,1,5252,1,0,2,21,8,1162,2,-1,0,1,0
37,4,1,2,238,0,0,0,3,9,149,1,-1,0,0,1
59,5,1,1,1521,1,1,2,14,8,1125,2,-1,0,1,1
39,4,1,2,710,1,0,0,11,5,211,2,-1,0,0,0
61,5,1,1,86,0,0,0,23,10,149,1,-1,0,1,1
46,9,1,1,9299,0,0,0,19,5,1148,1,276,2,1,1
42,1,1,0,2103,1,0,0,13,0,384,2,-1,0,0,1
33,4,2,2,0,0,0,0,11,1,699,7,-1,0,1,1
25,6,2,1,1242,1,0,2,28,8,615,2,-1,0,0,1
49,0,2,2,228,1,0,0,3,11,252,2,93,2,1,1
30,10,2,2,302,0,0,0,11,3,528,3,-1,0,1,1
46,1,1,1,4707,1,0,2,23,8,93,8,-1,0,0,0
30,1,2,1,239,1,0,2,23,8,785,1,-1,0,1,1
34,9,2,1,16,0,0,0,13,1,990,1,-1,0,1,1
49,4,1,2,1887,0,0,0,18,9,244,3,-1,0,1,0
25,7,2,1,333,0,1,0,15,5,1056,2,-1,0,1,1
44,1,1,0,103,1,0,0,12,8,79,1,329,2,0,0
60,5,1,0,1588,0,0,0,6,10,728,1,-1,0,1,1
49,1,1,1,102,0,0,0,29,1,210,2,-1,0,0,0
33,4,2,2,321,0,0,0,22,1,227,2,-1,0,0,0
56,0,2,1,2815,1,0,0,11,11,212,1,-1,0,1,1
28,4,2,2,223,1,0,1,27,1,157,2,119,1,1,1
47,9,1,1,568,1,0,0,12,1,1613,1,-1,0,1,1
57,2,1,1,-525,0,1,0,25,5,337,1,-1,0,0,0
23,8,2,1,107,0,0,0,14,10,84,1,183,1,0,1
36,9,1,2,202,0,0,0,29,4,313,1,120,3,1,1
37,9,1,1,5953,0,0,0,5,1,1113,1,-1,0,1,0
34,0,1,1,804,1,0,0,23,5,256,9,-1,0,0,0
51,1,0,0,-19,1,0,0,13,8,829,1,296,11,0,1
53,4,1,2,597,0,0,2,22,3,392,1,-1,0,1,1
28,1,2,1,-127,1,0,0,4,5,1044,3,-1,0,1,1
35,9,1,1,128,0,1,0,29,4,456,1,205,2,1,0
73,5,0,0,2308,0,0,1,30,7,163,2,-1,0,1,1
47,1,1,0,-58,1,0,0,18,5,92,2,-1,0,0,0
53,0,1,0,228,1,0,2,16,8,97,1,-1,0,0,0
27,6,1,2,10005,1,0,0,14,0,163,3,271,2,1,0
49,9,2,1,9131,1,0,0,18,1,532,1,461,5,0,1
45,1,1,3,1529,1,0,0,13,9,181,1,197,1,0,1
56,5,1,1,1894,1,0,2,15,8,189,1,-1,0,0,0
56,9,1,1,6619,1,0,1,4,9,465,1,-1,0,0,1
60,0,1,1,106,0,0,0,24,3,137,1,187,4,0,1
39,4,0,2,224,0,0,0,5,0,208,1,-1,0,1,1
27,4,2,2,20585,0,0,0,23,11,299,1,100,1,1,1
29,4,1,1,0,1,0,2,2,6,85,4,-1,0,0,0
38,4,1,1,93,0,0,2,3,5,515,2,-1,0,0,0
35,9,2,2,470,1,0,0,25,5,743,13,-1,0,1,1
45,1,1,0,61,0,0,0,17,0,108,1,-1,0,1,0
60,5,1,0,894,1,0,2,15,8,65,7,-1,0,0,0
35,4,0,2,2885,0,0,0,13,1,199,3,43,8,1,1
32,4,1,2,302,1,1,2,23,3,61,1,384,2,0,1
36,4,2,2,13,0,1,0,18,9,106,1,-1,0,0,0
25,4,2,2,2399,1,0,2,3,6,193,2,-1,0,0,0
25,1,2,1,509,0,0,0,5,7,418,1,-1,0,1,1
41,1,1,1,2413,0,0,2,16,6,64,3,-1,0,0,0
25,1,2,1,217,1,0,0,18,8,504,1,-1,0,1,1
32,4,1,2,8929,0,0,0,11,7,126,1,-1,0,1,1
33,0,2,1,61,0,0,0,24,5,286,4,-1,0,0,0
37,9,2,1,4,0,0,0,11,1,933,1,-1,0,1,1
23,4,2,2,1807,0,0,0,27,5,606,1,-1,0,1,1
53,9,1,1,1776,0,0,2,18,6,443,7,-1,0,0,0
59,10,1,1,1625,0,0,0,4,1,198,1,180,2,1,1
26,0,1,1,3415,0,0,0,8,0,209,1,-1,0,1,1
31,9,1,1,477,0,0,0,30,0,146,1,-1,0,0,0
31,8,2,2,64,0,0,0,2,6,261,2,-1,0,1,1
30,7,2,1,140,1,0,0,15,8,760,1,-1,0,1,1
57,10,1,1,890,0,0,0,5,3,343,4,-1,0,0,0
20,8,2,3,755,0,0,0,29,2,284,1,-1,0,0,1
36,9,1,0,0,0,0,2,4,5,584,1,-1,0,1,1
35,2,1,2,1859,1,0,0,14,5,227,2,-1,0,0,0
66,5,1,1,203,0,0,0,18,4,353,1,195,1,1,1
67,5,1,0,1430,0,0,0,11,4,499,2,91,3,1,1
38,2,1,2,898,1,0,2,6,8,132,2,-1,0,0,0
52,3,1,0,256,0,0,0,6,1,137,1,-1,0,0,0
44,1,1,0,2791,0,0,2,18,6,335,1,-1,0,0,0
27,1,2,1,-208,1,0,2,21,8,127,2,-1,0,0,0
38,8,0,2,2946,0,0,0,16,6,605,3,-1,0,1,1
38,4,1,2,536,1,0,0,22,10,234,1,92,1,1,1
25,1,2,1,76,0,1,0,28,5,50,4,-1,0,0,0
27,8,2,1,538,0,0,0,18,2,170,4,197,2,1,1
44,4,1,2,7177,0,0,2,19,6,89,2,-1,0,0,0
35,4,2,2,592,0,1,2,14,8,192,1,-1,0,0,0
60,5,0,1,496,1,0,0,15,8,655,2,-1,0,1,1
32,1,1,1,1,1,0,0,18,9,77,3,-1,0,0,0
60,3,0,1,387,1,0,2,4,6,235,1,-1,0,0,0
31,9,1,2,26,0,1,0,18,9,419,1,127,6,1,1
53,7,1,0,49,0,0,2,28,8,152,1,-1,0,0,0
38,4,1,2,1276,0,0,0,17,8,272,2,182,3,1,1
56,4,1,3,4623,0,0,0,25,3,305,1,192,1,1,1
50,1,1,0,888,0,1,1,10,5,160,3,-1,0,0,0
38,4,1,2,0,1,0,2,20,6,211,2,-1,0,0,0
35,4,2,2,671,1,0,0,10,7,112,1,-1,0,0,1
39,9,1,2,1524,0,0,0,20,0,567,1,-1,0,1,1
39,4,1,2,0,0,0,0,29,1,94,2,-1,0,0,0
62,2,1,1,3904,0,0,1,29,4,403,2,-1,0,0,1
37,1,0,1,719,1,0,0,13,8,118,1,365,1,0,0
38,4,1,2,1308,1,0,0,2,3,626,1,-1,0,1,1
46,1,1,1,2348,0,0,0,17,9,182,1,-1,0,0,0
45,0,1,1,925,0,0,0,6,1,406,2,-1,0,0,1
48,4,2,2,5689,0,0,0,12,3,262,1,-1,0,0,1
33,9,2,1,163,1,0,0,20,1,627,2,-1,0,1,1
46,1,1,0,-44,0,1,1,22,1,16,13,-1,0,0,0
46,2,1,1,131,1,0,0,20,0,69,2,-1,0,0,0
33,0,1,1,30,1,0,1,5,8,125,2,-1,0,0,0
58,9,1,1,116,0,0,2,16,6,580,3,-1,0,1,0
34,1,1,1,262,0,0,0,1,6,339,1,-1,0,1,1
58,5,0,3,5920,1,0,0,21,9,96,1,121,1,0,0
23,0,2,2,314,0,1,0,8,0,142,4,-1,0,1,1
37,1,1,0,3517,1,0,2,23,8,445,1,-1,0,0,0
32,4,1,2,81,1,0,0,17,9,120,1,-1,0,0,0
33,0,2,1,-15,0,0,1,12,8,326,3,350,2,1,0
73,5,1,0,796,0,0,0,23,0,888,1,182,3,1,1
44,9,1,1,1139,1,0,0,30,4,64,1,-1,0,0,0
46,10,1,1,-125,1,0,2,6,8,23,1,-1,0,0,0
35,1,1,1,74,0,0,0,23,5,248,2,-1,0,0,0
44,7,0,1,608,1,1,2,18,6,19,30,-1,0,0,0
56,0,1,1,2087,1,0,2,12,8,146,1,-1,0,0,0
34,4,2,2,1310,0,1,0,20,9,90,3,-1,0,0,0
29,1,1,1,-312,1,1,0,14,8,130,2,-1,0,0,0
33,9,0,1,464,0,0,0,4,3,207,4,-1,0,0,0
38,4,0,2,162,0,0,0,25,1,323,4,-1,0,0,0
59,4,0,2,258,1,0,1,29,10,266,1,-1,0,1,1
33,9,2,2,538,1,0,2,29,8,359,2,-1,0,0,0
40,9,1,1,2338,0,0,0,16,10,717,2,-1,0,1,1
32,8,2,2,922,0,0,0,18,10,338,2,-1,0,1,0
36,9,1,1,84,1,0,2,20,8,67,1,-1,0,0,0
57,0,0,1,-461,1,1,2,4,6,145,8,-1,0,0,0
30,9,1,1,289,1,0,0,14,1,1184,4,-1,0,1,1
29,4,2,2,0,1,0,2,30,8,539,12,-1,0,0,1
25,1,2,1,1857,1,0,0,12,10,187,1,91,12,1,1
31,8,2,1,3511,0,0,0,6,10,311,1,96,1,1,1
28,6,2,2,5215,0,0,0,2,6,673,1,-1,0,1,0
37,4,1,2,26,0,0,0,17,6,151,7,62,4,0,0
60,4,1,2,0,0,0,0,7,1,401,3,-1,0,1,1
25,1,2,0,2483,0,0,0,10,5,1499,3,-1,0,1,1
47,0,1,1,298,1,0,0,11,8,183,1,-1,0,0,0
27,1,1,0,-413,0,1,2,27,6,422,6,-1,0,1,1
33,0,2,2,146,0,0,0,23,5,351,3,-1,0,0,1
36,0,2,1,1281,0,0,1,24,5,119,2,-1,0,0,0
48,4,1,2,1600,0,0,0,18,9,448,1,-1,0,1,0
37,0,0,2,4708,0,0,0,2,6,238,1,181,2,1,1
42,1,1,1,-755,1,1,2,2,6,312,1,-1,0,0,0
52,10,1,1,94,0,0,0,10,9,293,3,190,10,1,1
60,5,0,2,380,0,0,0,21,5,219,1,-1,0,1,0
44,1,1,0,4031,1,0,0,7,8,983,4,-1,0,1,1
36,4,1,0,3953,1,0,0,19,9,277,1,-1,0,0,0
34,7,2,1,-701,1,0,0,11,8,610,2,-1,0,1,1
60,9,0,1,-50,0,0,0,28,1,433,12,-1,0,1,0
57,5,1,1,168,0,0,0,7,1,342,1,-1,0,0,1
52,6,0,1,385,0,1,0,26,1,96,4,-1,0,0,0
19,8,2,1,372,0,0,1,8,5,444,3,-1,0,1,1
37,10,1,1,80,0,0,0,3,3,248,2,-1,0,0,0
30,0,2,1,585,0,1,0,2,3,7,6,-1,0,0,0
49,9,1,2,1071,0,0,0,17,6,169,1,-1,0,1,1
65,5,0,1,828,0,0,0,13,5,305,1,-1,0,1,1
54,2,1,2,84,0,0,0,29,5,34,2,-1,0,0,0
32,1,1,0,388,1,0,0,15,0,171,2,-1,0,0,0
31,1,1,1,2,1,0,2,20,8,182,2,-1,0,0,1
36,9,1,1,3579,0,0,0,14,1,308,2,-1,0,0,0
30,10,1,2,330,0,0,0,3,5,264,1,80,1,1,1
50,3,1,0,4,0,0,2,16,6,51,1,-1,0,0,0
31,1,1,1,4471,1,0,2,9,8,296,2,-1,0,0,0
27,0,2,2,1993,1,0,0,5,8,102,5,-1,0,0,0
51,1,1,1,568,1,0,2,4,6,37,1,-1,0,0,0
57,5,1,1,466,0,0,0,5,1,641,2,-1,0,1,1
48,1,1,0,237,1,0,2,19,6,18,18,-1,0,0,0
39,1,2,1,175,0,0,0,12,8,17,1,365,2,0,0
31,6,2,1,203,0,1,0,19,9,177,1,-1,0,0,0
65,5,1,0,308,0,0,0,1,11,400,1,-1,0,1,1
30,1,2,3,6281,0,0,0,21,0,149,2,-1,0,1,1
38,9,1,2,3234,0,0,0,18,9,578,2,-1,0,1,1
36,9,1,2,571,1,1,0,31,5,46,3,-1,0,0,0
38,4,1,2,4293,1,0,0,6,8,92,2,250,2,0,0
26,4,2,2,1177,0,0,0,19,10,116,1,-1,0,1,0
59,4,2,2,7668,0,0,0,5,1,124,1,-1,0,0,0
64,5,1,2,2139,0,0,0,14,10,632,2,-1,0,1,0
80,5,1,0,1861,0,0,1,14,0,563,2,-1,0,1,0
35,9,1,1,294,1,0,0,15,6,238,6,98,5,0,0
46,1,1,1,640,1,0,0,11,11,108,2,129,2,0,1
48,4,1,2,1147,0,0,0,5,1,389,1,64,2,1,1
48,0,1,1,660,0,0,0,18,3,318,1,561,2,1,1
34,0,2,1,151,1,0,0,12,8,590,1,370,1,1,1
66,5,1,1,2326,0,1,0,18,3,232,1,181,1,1,1
32,9,1,2,3850,1,0,0,20,0,63,4,-1,0,0,0
49,1,1,0,408,0,0,0,12,1,559,4,-1,0,1,1
30,0,2,1,523,0,1,0,12,6,136,3,101,1,0,0
52,4,1,1,5193,0,0,0,23,0,477,2,-1,0,1,0
29,4,2,2,874,1,0,0,16,7,231,1,181,2,0,1
47,2,1,2,0,0,0,1,18,9,103,2,-1,0,0,0
43,4,1,2,-183,0,0,0,24,5,65,1,-1,0,0,0
49,7,1,0,468,0,0,0,5,1,608,2,-1,0,1,0
31,4,1,2,0,1,1,0,28,5,664,8,-1,0,0,1
34,1,1,1,-58,1,1,2,28,8,157,2,-1,0,0,0
29,9,2,1,590,0,0,0,25,8,124,1,-1,0,0,1
25,8,2,1,1608,0,0,0,30,0,664,2,-1,0,1,1
30,1,2,1,971,1,0,0,17,0,283,1,317,2,0,0
37,9,1,2,341,0,0,0,13,1,287,3,182,3,1,1
51,4,2,2,-55,1,0,0,11,8,281,2,266,6,0,0
33,4,2,2,1304,1,0,0,18,8,536,2,-1,0,1,1
46,0,2,1,1544,1,0,2,29,8,609,1,-1,0,0,0
26,9,2,1,855,1,0,2,28,8,87,2,-1,0,0,0
48,3,1,1,3570,0,0,0,5,6,58,2,-1,0,0,0
45,1,1,1,192,1,0,0,13,8,154,5,176,1,0,0
43,9,1,1,4056,0,0,0,4,8,13,6,89,2,0,0
29,9,2,2,2178,0,0,0,22,10,260,2,139,1,1,1
54,4,1,2,1938,1,0,1,31,5,81,7,-1,0,0,0
38,1,2,1,2580,1,0,0,8,0,1691,2,264,3,1,1
52,4,1,2,575,0,0,2,3,6,315,1,-1,0,0,0
26,10,2,2,77,0,0,0,26,0,175,1,-1,0,1,1
59,9,1,1,259,0,0,0,18,7,224,1,-1,0,1,1
34,0,1,1,1406,1,0,0,20,1,63,2,85,1,0,1
32,4,0,2,294,1,0,0,17,0,1095,1,274,5,1,1
47,0,1,1,1265,0,0,0,7,1,137,2,-1,0,0,0
26,4,2,2,222,0,0,0,26,10,318,1,120,3,1,1
35,1,1,1,0,1,1,2,29,8,543,1,-1,0,0,1
68,5,1,1,0,0,0,0,22,6,586,1,-1,0,1,1
32,4,1,2,62,1,0,1,13,9,45,1,-1,0,0,0
33,4,2,2,3143,0,0,0,29,6,421,2,-1,0,1,1
37,10,2,1,443,0,0,0,29,4,1600,1,-1,0,1,1
30,7,2,2,1788,0,0,0,4,1,288,1,181,2,1,1
47,7,2,1,3644,0,0,2,9,6,83,2,-1,0,0,0
56,3,2,2,1947,0,0,2,30,7,110,1,-1,0,0,1
35,9,2,1,16,1,0,0,8,0,903,1,-1,0,1,1
54,5,0,2,349,1,0,0,12,8,176,2,175,1,0,0
49,4,1,2,413,0,1,0,31,5,196,4,-1,0,0,0
57,0,2,1,2223,0,0,0,12,1,1064,1,-1,0,1,1
34,0,1,2,69,0,1,0,25,9,296,1,205,2,1,1
57,4,1,2,1227,0,0,0,5,6,232,1,-1,0,1,1
25,1,2,1,303,0,0,0,18,7,265,1,-1,0,1,1
44,1,2,0,36,1,0,0,15,8,551,1,371,2,1,1
58,1,1,1,25,0,0,2,9,6,486,3,-1,0,0,1
42,4,1,3,1519,0,0,0,19,5,268,1,-1,0,0,1
52,9,1,2,7,0,1,2,5,8,175,1,-1,0,0,0
38,7,2,0,-87,1,0,0,13,8,531,1,-1,0,1,0
20,1,2,1,423,1,0,0,16,0,498,1,-1,0,1,1
29,10,2,0,1374,0,0,0,17,9,309,3,208,4,1,1
79,5,0,0,2787,0,0,1,13,5,617,1,377,1,1,1
32,9,1,1,616,1,0,0,27,1,118,7,-1,0,0,0
46,9,1,2,4176,1,0,2,12,6,153,6,-1,0,0,0
39,0,1,1,260,1,0,0,13,9,226,1,94,4,1,1
26,4,2,2,9447,0,0,0,4,11,113,1,100,2,1,0
59,5,0,1,914,0,0,0,28,4,192,1,-1,0,0,0
37,9,2,1,1211,1,0,2,21,8,795,1,-1,0,1,1
22,8,2,1,948,0,0,1,18,1,215,1,197,2,1,1
65,4,0,2,90,1,0,0,22,0,416,1,-1,0,1,1
26,4,2,2,170,0,0,0,15,6,129,1,-1,0,1,1
47,3,2,0,2785,1,0,0,13,8,570,1,-1,0,1,1
27,8,2,1,91,0,0,1,4,2,157,6,95,37,0,0
56,4,1,2,830,1,1,2,6,8,1201,1,-1,0,1,1
57,4,0,2,8897,1,0,0,12,1,865,2,-1,0,1,1
61,5,1,1,1058,0,0,0,27,5,218,2,91,3,1,1
26,8,2,1,132,0,0,0,4,6,217,1,-1,0,1,1
31,4,1,2,216,0,0,0,22,5,47,1,-1,0,0,0
34,7,2,1,313,1,0,0,14,5,634,3,-1,0,1,0
30,6,1,2,2666,0,0,0,4,8,781,3,89,1,1,1
30,6,2,1,192,0,0,0,22,5,423,1,-1,0,1,0
41,1,2,1,75,1,0,2,1,5,479,9,-1,0,0,1
41,1,1,0,3140,1,0,2,13,8,87,9,-1,0,0,0
31,0,1,1,3,1,0,0,28,5,37,12,-1,0,0,0
49,1,1,3,51,1,0,2,7,8,984,1,-1,0,1,0
28,0,2,1,377,0,0,0,30,0,571,1,-1,0,1,1
50,1,1,0,859,1,1,1,9,3,56,5,196,7,0,0
28,7,2,1,340,1,0,0,24,5,821,2,-1,0,1,1
33,4,2,2,1909,0,0,0,8,1,191,2,-1,0,0,0
60,6,1,0,46,1,0,2,6,8,202,4,-1,0,0,0
33,1,1,1,19,1,0,0,4,3,56,1,271,1,0,0
30,4,2,2,222,1,0,0,12,1,112,4,-1,0,0,0
35,6,1,1,5613,1,0,0,28,5,699,3,-1,0,1,1
43,6,1,1,14144,1,0,0,21,9,504,1,-1,0,1,1
36,1,1,1,1772,0,0,2,5,6,208,1,-1,0,0,1
47,9,1,1,644,0,0,1,28,4,54,3,160,13,0,0
36,4,0,2,-978,1,0,0,13,8,62,3,-1,0,0,0
48,1,1,1,1230,1,0,0,12,9,169,1,196,2,0,1
28,7,2,1,198,0,0,0,5,5,128,2,-1,0,0,1
30,6,2,2,916,0,0,0,29,2,449,2,-1,0,1,1
45,4,1,2,10,0,0,0,26,1,133,7,-1,0,0,0
27,9,2,1,1842,1,1,0,18,8,687,2,300,1,1,0
56,5,1,1,393,0,1,0,26,5,183,1,221,2,1,1
30,4,2,2,398,0,0,0,24,0,235,2,-1,0,1,1
62,3,1,1,2,0,0,0,3,9,322,1,-1,0,1,1
31,0,2,1,3950,1,0,0,21,9,529,1,-1,0,1,1
55,1,1,0,158,1,0,2,15,8,176,18,-1,0,0,0
55,9,1,1,264,1,1,0,31,5,1150,5,-1,0,1,1
30,8,2,2,228,1,0,0,13,8,314,2,-1,0,0,1
29,6,2,2,300,0,0,0,3,3,125,1,-1,0,0,0
35,4,2,2,538,0,0,0,22,2,410,3,165,2,1,1
36,0,2,3,1815,0,0,2,5,6,387,1,-1,0,0,0
32,1,1,0,3136,1,0,0,19,9,820,1,-1,0,1,1
51,7,0,1,9,0,0,2,18,6,371,2,-1,0,0,1
35,8,2,1,188,1,0,0,16,3,75,3,200,5,0,1
35,7,1,1,4170,1,0,2,20,8,1777,1,-1,0,1,1
53,1,1,1,1093,1,1,2,16,6,244,3,-1,0,0,0
48,0,1,1,112,0,0,0,18,1,139,5,-1,0,0,0
49,9,1,2,3726,0,0,0,5,1,875,2,-1,0,1,1
47,7,1,1,0,1,0,1,9,5,250,1,-1,0,0,0
28,9,2,2,676,0,0,0,5,3,1138,2,-1,0,1,1
32,8,2,2,1138,0,0,1,10,3,402,3,-1,0,0,1
74,5,0,1,4079,0,0,0,19,10,343,3,-1,0,1,1
41,1,1,1,2689,1,0,0,15,0,135,1,-1,0,0,1
67,0,1,0,1093,0,0,1,8,5,64,3,-1,0,0,0
38,9,2,2,5122,1,0,0,20,9,370,1,184,1,1,0
34,9,2,2,184,1,0,0,30,5,87,3,-1,0,0,0
39,8,2,2,1107,1,0,1,20,0,407,4,-1,0,0,0
23,8,2,1,1809,0,0,0,8,5,414,2,-1,0,1,1
46,4,1,2,3,0,0,0,18,1,92,4,-1,0,0,0
34,4,1,2,0,1,0,0,30,0,300,1,86,1,1,1
45,0,1,1,205,0,0,0,4,1,180,1,92,3,1,1
34,0,1,1,560,1,0,2,5,8,198,3,-1,0,0,0
45,1,1,0,5461,1,0,0,20,9,841,2,-1,0,1,1
58,1,1,1,1457,1,0,0,8,5,144,4,-1,0,0,0
32,4,2,2,2974,1,0,0,24,0,227,1,4,1,1,1
30,4,2,2,6392,1,0,0,5,8,335,1,-1,0,0,0
41,1,1,1,580,1,0,0,14,8,874,1,363,1,1,1
56,5,1,1,5879,0,0,2,20,6,237,3,-1,0,0,0
37,9,1,1,0,0,0,2,18,6,236,1,-1,0,0,0
42,9,0,2,2611,1,0,0,25,6,300,1,389,3,1,1
41,11,1,3,779,0,0,0,30,5,647,10,-1,0,1,0
56,4,0,2,4266,1,0,2,17,6,490,4,-1,0,0,1
58,7,1,0,2946,1,0,0,14,8,467,1,-1,0,1,1
32,9,2,2,5514,0,0,0,22,0,319,1,182,1,1,1
47,1,1,1,2548,1,0,0,11,8,577,1,368,1,1,0
28,0,1,2,174,1,1,0,11,3,56,1,184,2,0,0
27,10,2,1,771,0,0,0,21,10,181,1,302,3,1,1
48,4,1,1,0,1,1,0,3,9,1233,1,351,2,1,1
32,1,2,1,400,0,0,0,4,8,268,3,-1,0,1,1
27,8,2,2,13107,1,0,0,6,0,661,1,314,2,1,1
36,0,2,2,994,0,0,0,13,1,185,2,105,3,1,0
49,9,1,1,5244,0,0,0,25,1,60,4,-1,0,0,0
30,7,1,1,5,0,1,0,10,5,829,5,-1,0,1,1
27,7,2,1,302,0,0,0,3,5,203,1,-1,0,0,1
37,1,2,1,847,0,0,2,20,6,54,1,-1,0,0,0
38,0,1,2,4297,0,0,0,7,1,206,2,-1,0,0,1
45,0,1,1,524,1,0,0,23,5,808,1,-1,0,1,1
34,4,1,2,101,0,0,0,8,1,472,2,-1,0,1,0
38,1,2,2,172,1,0,0,1,0,1176,1,-1,0,1,1
34,2,0,2,262,0,0,0,20,9,371,1,-1,0,1,0
51,0,1,1,949,0,0,0,5,1,1092,1,-1,0,1,1
43,9,0,1,-36,1,0,0,17,9,190,1,104,1,1,0
46,4,1,2,4,0,0,0,8,1,1206,4,-1,0,1,1
49,10,1,0,11,1,0,1,31,5,166,8,-1,0,0,0
37,7,2,1,278,1,0,2,3,6,1045,3,-1,0,1,1
46,7,0,3,3390,0,0,2,20,6,152,3,-1,0,0,0
57,2,0,2,873,0,0,2,17,6,441,3,-1,0,1,0
38,4,1,2,165,1,0,0,17,0,526,1,260,2,1,1
27,1,2,1,2486,1,0,2,29,8,733,1,-1,0,1,1
34,4,0,2,500,1,0,2,29,8,399,1,-1,0,0,0
29,4,2,2,2531,0,0,0,19,1,634,1,-1,0,1,1
40,5,1,2,794,0,0,2,9,8,138,1,-1,0,0,0
42,7,0,1,444,0,0,0,21,9,171,1,-1,0,0,0
53,9,1,0,6181,0,0,0,14,5,817,2,209,3,1,1
34,2,1,2,105,1,0,2,28,8,249,2,-1,0,0,0
25,9,2,1,1199,0,0,0,1,6,287,1,-1,0,1,1
56,9,1,2,1062,0,0,2,20,6,37,2,-1,0,0,0
34,7,1,0,31,0,1,0,9,5,53,3,-1,0,0,0
35,4,2,2,805,0,0,0,17,11,613,1,-1,0,1,0
27,7,2,1,195,1,0,0,25,3,416,3,-1,0,1,1
30,6,2,2,3343,0,0,0,1,6,235,1,-1,0,1,1
59,5,1,0,5521,1,1,2,13,8,94,1,-1,0,0,0
53,7,1,0,8918,1,0,1,23,5,173,2,-1,0,0,0
57,3,1,0,2785,0,0,0,11,1,610,4,-1,0,1,1
47,1,1,0,209,0,0,0,27,1,77,6,-1,0,0,0
40,1,2,3,24,1,0,2,5,8,185,1,-1,0,0,0
30,4,1,2,233,1,0,2,14,8,382,10,-1,0,0,0
47,0,0,1,555,1,1,1,17,10,478,1,-1,0,1,1
38,9,1,1,381,1,0,2,29,8,126,2,-1,0,0,0
30,1,2,0,395,0,0,0,21,9,429,1,-1,0,1,0
43,4,2,2,2067,1,0,2,8,8,756,1,-1,0,1,1
34,0,1,0,0,1,1,0,14,8,1020,1,-1,0,1,1
31,4,1,2,1164,1,1,0,18,5,238,3,-1,0,0,0
42,0,2,1,684,0,0,0,4,6,207,1,-1,0,1,1
42,7,2,2,94,1,0,0,11,1,176,2,90,4,1,1
35,9,1,1,1368,0,0,0,27,8,329,1,41,2,1,1
47,7,1,1,1111,0,0,2,20,6,415,4,-1,0,1,0
30,4,1,2,1390,0,0,0,20,1,552,4,-1,0,1,0
39,4,1,2,1836,0,0,0,6,1,902,3,-1,0,1,1
32,4,2,2,1966,0,0,0,18,1,176,3,-1,0,0,0
57,0,0,1,3100,0,1,0,29,5,165,2,-1,0,0,0
46,7,0,1,5,1,1,0,29,4,305,2,-1,0,0,0
28,8,2,2,844,0,0,0,16,0,551,2,-1,0,1,1
37,9,2,2,197,0,0,0,15,3,531,1,91,2,1,1
63,4,1,2,5112,0,0,1,13,9,2184,2,95,3,1,1
36,9,1,1,480,0,0,0,20,10,213,1,-1,0,1,1
41,4,0,2,1757,0,0,0,22,0,314,1,239,13,1,1
55,7,1,2,606,0,1,0,18,9,114,2,-1,0,0,0
26,2,1,2,144,0,1,0,25,5,730,1,-1,0,1,0
27,1,2,1,535,0,0,0,15,3,171,1,91,2,1,1
50,0,1,1,3608,1,0,0,13,9,176,2,197,2,0,1
41,7,1,1,241,1,1,2,4,6,144,1,-1,0,0,0
43,7,0,1,-287,1,0,0,20,0,580,4,-1,0,1,0
59,10,1,1,1047,0,0,0,18,3,83,3,-1,0,0,1
43,4,2,2,0,0,0,0,11,1,155,2,-1,0,0,0
41,10,0,1,271,1,0,2,19,6,196,2,-1,0,0,0
55,0,1,1,602,0,0,0,1,6,324,3,90,2,1,1
34,8,2,3,1011,0,0,0,1,6,253,1,-1,0,1,1
32,9,2,2,5514,0,0,1,22,10,181,1,-1,0,0,1
49,7,1,1,-301,1,0,0,12,8,187,4,-1,0,0,0
46,4,1,2,349,0,0,0,14,8,466,4,88,3,1,1
59,5,1,0,0,0,0,0,5,6,493,2,-1,0,1,1
57,3,1,2,2326,0,0,0,28,10,207,1,194,1,1,1
52,1,1,1,5828,1,0,1,13,8,276,2,-1,0,0,0
33,0,2,1,3160,0,0,2,18,6,719,13,-1,0,1,0
31,6,1,2,322,1,0,2,8,8,159,1,-1,0,0,0
31,9,1,2,313,1,0,0,27,1,114,2,-1,0,0,0
27,8,2,2,4869,1,0,0,15,8,258,2,343,4,1,0
67,4,1,2,405,0,0,0,10,9,344,2,95,2,1,1
29,4,2,2,874,1,0,0,16,11,152,1,103,1,1,1
42,1,1,1,165,1,0,2,23,8,333,2,-1,0,0,0
51,4,1,2,0,1,1,0,19,1,263,1,84,1,1,0
45,4,0,2,854,0,1,0,8,5,730,1,-1,0,1,1
34,10,1,1,438,1,1,0,9,0,272,1,323,1,0,0
30,1,0,1,457,1,0,2,20,6,115,20,-1,0,0,0
41,1,1,1,5517,1,0,0,10,5,584,1,-1,0,1,1
36,7,1,1,145,1,0,0,2,3,109,1,252,2,0,0
43,4,1,2,8,0,0,0,11,1,95,4,-1,0,0,0
42,4,1,2,478,0,1,0,8,5,165,1,-1,0,0,0
60,5,1,2,2196,0,0,0,15,6,318,3,-1,0,1,0
30,7,2,1,495,1,0,0,21,9,641,1,-1,0,1,1
28,4,2,2,80,0,0,0,20,10,676,2,146,2,1,1
41,4,1,1,3096,1,0,0,24,5,273,6,-1,0,0,0
40,1,1,0,13,1,0,2,4,5,178,1,-1,0,0,0
59,4,1,2,2764,0,0,0,18,3,459,1,56,3,1,0
37,1,1,1,105,1,0,2,8,8,69,2,-1,0,0,0
28,4,2,2,320,1,0,0,30,0,239,1,-1,0,0,0
42,0,0,1,-249,1,0,0,14,5,149,3,-1,0,0,0
58,9,0,1,-354,1,1,0,7,5,98,1,-1,0,0,0
58,4,2,2,1387,1,0,1,3,3,140,6,6,6,0,0
25,1,2,1,2007,0,0,0,12,4,265,2,-1,0,0,1
39,3,1,0,267,0,0,2,9,6,1151,5,-1,0,1,0
29,9,2,1,-13,1,0,0,14,8,512,3,-1,0,1,0
49,1,1,1,2039,1,0,0,6,8,451,1,169,2,1,1
26,6,2,2,2857,0,0,0,3,5,446,1,-1,0,1,1
55,4,1,3,1504,1,0,0,22,8,338,2,-1,0,0,1
25,9,2,1,7103,1,0,0,28,8,188,3,10,1,0,1
31,4,1,2,2344,1,0,0,14,1,221,6,-1,0,0,0
41,9,2,2,1646,1,0,0,5,1,172,3,92,8,1,1
29,4,2,2,-27,0,0,0,13,8,270,1,-1,0,1,1
31,9,1,1,7369,0,0,0,19,1,204,4,-1,0,0,0
60,0,1,2,1614,0,0,0,20,1,921,6,-1,0,1,1
34,0,2,1,1352,1,0,0,20,0,126,1,334,3,0,0
51,1,1,1,984,1,0,1,7,0,353,4,-1,0,0,0
57,4,1,2,5,1,0,0,8,5,96,1,-1,0,0,0
42,4,1,2,-700,1,0,2,14,8,110,1,-1,0,0,0
46,10,1,1,2940,1,0,2,29,8,195,2,-1,0,0,0
52,9,2,1,436,0,1,2,22,7,95,1,-1,0,0,1
46,1,1,0,7934,1,0,2,19,8,123,1,-1,0,0,0
39,7,1,1,3870,1,0,0,20,0,72,1,-1,0,0,0
33,1,1,0,50,1,0,0,7,8,246,2,-1,0,0,0
36,4,1,2,396,0,0,0,13,1,67,5,-1,0,0,0
32,0,1,1,366,0,0,0,14,4,366,2,-1,0,0,1
32,9,1,2,240,1,1,0,14,5,86,3,-1,0,0,0
49,4,1,2,1,0,0,1,13,1,640,2,101,4,1,1
36,4,2,2,7606,1,0,2,30,8,917,1,-1,0,1,1
42,2,2,3,323,0,0,2,16,6,617,1,-1,0,0,1
52,5,0,2,-309,1,0,2,19,6,500,2,-1,0,1,1
33,0,2,1,1437,1,0,2,21,8,641,1,-1,0,0,0
46,10,0,1,0,0,0,0,30,5,638,3,-1,0,1,0
39,4,1,2,756,1,0,2,2,6,268,1,-1,0,0,0
38,9,1,1,497,0,0,2,14,0,173,1,-1,0,1,1
33,4,0,1,5,1,0,2,13,8,1346,1,-1,0,1,1
42,2,1,1,1002,0,0,2,20,6,109,3,-1,0,0,0
27,6,2,2,4574,0,0,0,12,1,187,2,-1,0,0,0
26,8,2,1,100,0,0,0,26,8,445,1,-1,0,1,1
48,6,1,2,0,0,0,0,29,4,1249,3,-1,0,1,1
57,4,1,3,0,0,0,0,30,11,585,1,-1,0,1,0
46,9,0,1,3455,1,0,2,14,8,566,2,-1,0,1,0
34,1,1,1,4622,1,1,2,20,8,217,1,-1,0,0,0
39,9,1,2,1293,0,0,0,3,6,140,2,-1,0,1,1
78,5,0,0,2787,0,0,1,1,5,372,1,-1,0,1,1
33,4,2,2,131,1,0,0,12,10,209,3,427,2,1,1
55,5,0,1,-268,0,1,0,24,5,1417,1,-1,0,1,1
51,1,1,0,0,0,0,0,20,9,85,1,-1,0,0,0
34,3,1,1,0,1,0,2,30,10,154,1,-1,0,1,1
47,0,1,1,1210,0,0,0,26,10,604,1,91,4,1,1
42,1,2,0,156,1,0,1,15,8,7,4,371,5,0,0
25,7,2,2,130,1,0,0,16,5,49,1,-1,0,0,0
35,0,1,2,318,1,1,0,1,10,142,1,-1,0,1,0
47,9,0,1,440,0,0,0,29,4,147,1,-1,0,0,0
37,1,1,1,4321,0,0,0,5,6,657,1,-1,0,1,1
52,4,1,2,659,0,0,0,23,5,517,4,-1,0,1,0
35,1,2,1,40,1,0,2,9,8,617,4,-1,0,0,1
53,3,0,1,292,0,0,2,12,6,92,2,-1,0,0,0
38,2,2,1,2543,0,0,0,10,1,223,1,414,4,1,1
57,6,1,1,2109,0,0,0,21,1,107,6,-1,0,0,0
33,9,1,1,221,1,0,0,13,8,669,1,355,4,1,1
51,3,1,0,618,1,1,0,4,3,69,1,-1,0,0,0
28,7,2,1,60,0,1,0,29,4,248,1,-1,0,0,0
36,1,1,0,1177,0,0,0,15,0,330,1,311,4,1,1
28,0,1,1,5,1,0,0,18,5,121,1,-1,0,0,0
33,7,2,1,1852,0,0,1,25,3,371,1,204,3,1,0
43,9,0,0,13,0,1,0,9,5,977,4,-1,0,1,0
43,4,1,3,5172,1,0,2,29,8,57,3,-1,0,0,0
31,4,0,2,254,0,0,0,18,1,1576,8,-1,0,1,1
56,1,1,3,260,1,0,1,30,5,250,2,-1,0,0,0
64,5,1,1,588,0,0,0,16,5,574,1,179,3,1,1
46,4,1,2,110,1,1,0,20,1,243,5,-1,0,0,0
25,1,1,1,0,0,1,0,15,5,1424,4,-1,0,1,1
36,4,1,2,532,1,0,0,14,8,603,1,-1,0,1,0
78,5,1,2,1204,0,0,1,17,9,135,1,-1,0,0,1
35,4,0,2,26,0,0,0,16,0,78,2,-1,0,0,1
45,4,1,2,1529,0,0,0,30,6,160,1,-1,0,1,0
28,9,2,1,593,1,0,2,19,6,202,1,-1,0,0,0
20,8,2,1,215,0,0,0,24,9,325,1,95,5,1,1
37,0,1,1,10465,0,0,2,17,6,144,6,-1,0,0,0
27,1,2,0,232,1,0,0,26,10,701,2,-1,0,1,1
55,5,0,1,2204,0,0,0,22,3,261,1,264,1,1,1
30,8,2,2,7529,0,0,0,20,0,175,6,183,1,1,1
45,2,1,1,242,0,1,0,4,3,510,1,198,4,1,0
37,1,1,0,106,1,0,0,25,1,511,1,392,13,1,1
58,0,1,1,92,1,0,2,27,8,180,1,-1,0,0,0
39,10,2,1,2645,1,0,2,21,8,339,3,-1,0,0,0
32,3,1,0,-184,1,0,0,6,3,129,2,197,1,0,0
68,5,1,0,451,0,0,0,5,7,373,1,-1,0,1,1
69,5,1,0,324,0,0,0,4,3,136,4,-1,0,0,1
28,7,2,1,217,1,0,0,9,3,379,3,-1,0,0,0
33,4,2,2,20,0,0,0,21,1,329,2,-1,0,0,0
59,11,0,3,27,0,0,2,5,8,347,3,-1,0,0,0
22,8,2,1,185,0,0,0,8,5,153,1,-1,0,0,1
47,0,1,2,12276,0,0,2,20,6,77,5,-1,0,0,0
34,2,1,2,121,1,0,1,18,8,57,6,-1,0,0,0
35,10,2,1,127,1,0,1,14,9,162,1,-1,0,0,1
54,0,1,0,976,1,0,2,3,6,137,3,-1,0,0,0
44,4,1,2,4119,1,1,1,21,9,1074,1,-1,0,1,1
54,4,0,2,-449,1,0,0,14,8,691,1,-1,0,1,1
44,9,2,1,54,0,1,0,19,1,199,2,-1,0,0,0
47,0,1,1,70,1,0,0,5,0,144,4,374,2,0,1
35,4,2,2,1162,0,0,0,30,0,175,1,-1,0,0,1
30,11,2,3,6929,0,0,0,19,9,341,1,-1,0,1,0
59,1,1,0,6212,1,0,0,5,8,574,2,-1,0,0,0
27,1,1,1,4333,0,0,0,20,0,163,1,-1,0,1,1
31,4,1,2,2603,1,0,0,11,3,280,4,-1,0,0,1
60,5,0,2,-134,0,0,0,12,8,243,1,271,4,1,0
55,7,2,1,1539,0,0,2,20,6,65,2,-1,0,0,0
44,1,1,1,105,1,0,0,20,0,586,1,-1,0,1,1
31,0,1,1,54,1,0,0,21,9,226,1,-1,0,0,0
57,5,1,1,1044,0,0,1,11,4,585,1,192,2,1,1
33,1,2,1,697,0,0,0,6,3,860,2,-1,0,1,1
30,6,2,2,655,0,0,0,23,11,272,4,184,1,1,1
34,4,2,2,0,1,1,0,26,8,197,2,98,1,1,0
30,1,1,1,282,1,1,2,23,8,148,2,-1,0,0,0
37,0,2,1,1097,1,0,0,21,9,1555,2,-1,0,1,1
60,5,1,1,5267,0,0,0,4,11,520,1,-1,0,1,1
61,4,1,2,6016,0,0,0,2,3,670,3,-1,0,1,1
42,10,1,1,356,1,0,0,7,8,787,3,356,2,1,1
28,1,2,1,38,1,0,2,23,8,31,1,-1,0,0,0
33,1,1,1,370,1,0,0,8,0,249,1,-1,0,0,0
26,0,2,1,712,1,0,2,6,8,232,1,-1,0,0,0
43,4,1,2,79,0,0,0,26,8,640,1,-1,0,1,1
32,7,2,1,1168,1,0,0,16,9,411,1,-1,0,1,1
30,6,2,2,578,1,0,2,2,6,142,4,-1,0,0,0
30,1,2,1,-93,1,0,2,27,8,149,2,-1,0,0,0
38,2,1,1,-272,0,1,2,17,6,143,2,-1,0,0,0
67,5,1,2,701,0,0,0,6,1,254,2,-1,0,1,1
35,4,1,2,178,0,0,0,14,1,76,2,-1,0,0,0
32,9,2,2,195,1,0,0,22,1,239,2,-1,0,0,0
44,1,1,0,6,0,0,0,10,5,338,9,-1,0,0,0
47,3,0,1,1453,0,0,2,12,6,303,1,-1,0,0,0
33,1,1,1,285,0,1,2,3,5,267,1,-1,0,0,0
33,9,1,1,390,0,0,0,13,1,460,2,-1,0,1,0
54,0,1,3,140,0,0,1,27,0,473,2,182,2,1,1
41,2,1,1,707,0,0,2,18,6,707,1,-1,0,1,1
24,8,2,2,834,0,0,0,9,11,679,1,-1,0,1,1
28,1,1,0,-196,0,0,0,7,5,209,1,-1,0,0,0
36,4,0,2,0,0,0,0,4,1,1165,1,-1,0,1,1
36,1,2,1,2596,0,0,2,18,6,60,6,-1,0,0,0
54,3,1,0,3151,0,0,2,18,6,350,7,-1,0,0,0
24,8,2,1,1250,0,0,0,25,7,411,2,-1,0,1,1
41,2,2,0,7264,0,1,2,1,5,125,3,-1,0,0,0
51,5,1,1,1435,0,0,2,11,6,587,1,-1,0,0,1
55,4,0,1,204,1,0,0,11,5,1973,2,-1,0,1,1
28,1,1,0,115,1,0,2,28,8,78,4,-1,0,0,0
57,9,1,3,1617,1,0,2,7,8,96,2,-1,0,0,0
49,0,0,1,1718,0,1,0,5,1,211,1,-1,0,0,1
43,3,1,1,150,0,0,1,28,5,290,7,-1,0,0,0
54,9,2,1,198,1,1,0,17,9,120,1,171,2,0,0
43,9,1,1,4945,1,0,0,3,11,219,3,185,2,1,1
40,7,2,1,573,1,0,0,14,8,329,1,-1,0,0,0
48,1,0,1,501,1,0,0,15,8,12,5,-1,0,0,0
35,4,1,2,2161,0,0,0,9,11,569,3,-1,0,1,1
39,9,2,1,391,0,1,0,30,5,962,4,-1,0,1,1
28,4,2,2,1414,1,0,0,8,5,294,1,521,1,1,1
54,4,1,2,588,0,0,0,13,1,327,1,-1,0,0,0
45,4,1,1,446,0,0,0,6,1,304,3,-1,0,0,1
31,1,1,1,557,1,1,2,27,8,185,1,-1,0,0,0
32,0,2,2,272,1,0,0,7,10,73,2,-1,0,0,0
40,9,2,2,47,1,0,0,5,8,159,1,365,1,0,0
40,4,2,2,171,0,0,0,19,1,1241,3,-1,0,1,0
33,4,1,2,1514,0,0,0,10,1,447,1,728,2,1,1
51,9,1,1,337,1,0,0,20,1,687,4,-1,0,1,0
53,0,2,1,291,0,0,2,23,5,145,1,-1,0,0,0
49,9,1,1,905,0,0,0,5,6,1543,1,-1,0,1,1
45,0,2,1,206,1,0,2,5,8,193,1,-1,0,0,0
28,9,2,2,4987,0,0,0,9,3,253,21,-1,0,0,1
29,1,1,1,-565,1,0,2,18,6,164,3,-1,0,0,0
31,10,2,1,582,1,0,0,5,6,548,2,-1,0,1,1
51,9,1,1,117,0,0,0,24,1,467,2,88,4,1,1
53,9,1,1,6831,0,0,0,13,8,1130,2,-1,0,1,1
56,9,2,1,751,1,0,0,15,8,43,8,177,5,0,0
41,0,1,1,0,1,0,0,17,9,595,2,-1,0,1,0
44,2,2,3,323,0,0,0,28,5,332,2,181,2,1,1
59,5,1,1,2291,0,1,0,14,5,127,3,-1,0,0,0
47,4,1,2,4693,0,1,0,12,9,89,1,97,3,1,1
49,4,1,2,1093,1,1,0,15,11,316,1,246,4,1,1
32,9,2,2,4071,0,0,0,30,6,319,2,-1,0,1,1
35,4,2,2,1599,1,1,0,13,0,407,1,-1,0,0,1
38,1,2,3,495,1,0,2,8,8,297,1,-1,0,0,0
51,6,2,1,0,0,0,0,29,10,1707,2,-1,0,1,1
50,1,1,0,4979,0,0,1,6,0,180,1,-1,0,1,1
31,9,1,1,180,0,0,0,17,7,299,2,-1,0,1,1
31,4,2,2,41,1,0,0,18,1,392,2,-1,0,0,0
58,3,1,0,1310,1,1,0,22,5,1226,2,-1,0,1,0
42,1,1,0,402,0,0,0,13,8,31,7,330,17,0,0
36,9,1,2,341,0,0,0,12,3,419,2,183,1,1,1
53,9,1,2,9001,0,0,0,5,0,170,1,-1,0,1,1
34,4,1,2,3402,0,0,0,3,6,88,2,-1,0,0,0
40,4,1,1,8486,0,0,2,6,8,260,3,-1,0,0,0
40,4,1,2,66,0,0,0,13,1,737,4,-1,0,1,1
38,4,2,2,1704,0,0,0,1,11,222,1,-1,0,1,0
33,0,0,1,294,1,0,0,8,8,763,1,-1,0,1,1
39,7,1,1,25,1,1,0,12,8,658,1,351,3,1,1
35,6,1,1,188,1,1,2,5,6,1865,2,-1,0,1,1
65,5,1,0,1760,0,0,0,18,1,855,4,-1,0,1,1
41,9,1,1,1788,0,0,0,28,1,222,1,-1,0,0,0
28,0,2,3,24,1,0,0,18,5,415,2,-1,0,1,1
44,4,1,3,2982,0,0,2,16,6,55,2,-1,0,0,0
30,0,2,2,0,1,0,0,4,3,730,2,-1,0,1,1
60,11,1,3,17297,0,0,0,26,1,664,11,-1,0,1,1
41,1,2,0,22,1,0,2,14,8,152,1,-1,0,0,0
45,11,1,3,356,0,0,0,11,1,212,2,-1,0,0,0
43,2,1,1,0,0,0,2,3,6,1025,7,-1,0,1,1
28,9,2,1,6551,0,0,0,26,8,362,1,77,1,1,0
45,10,2,0,8725,0,0,0,8,5,286,2,-1,0,0,0
62,1,1,1,272,0,0,0,11,1,146,1,286,2,0,1
28,9,1,0,-58,1,0,2,8,8,74,1,-1,0,0,0
32,9,2,2,703,1,0,0,3,3,489,2,271,2,1,0
39,9,2,1,1435,0,0,0,17,6,383,1,296,19,1,1
37,1,1,1,509,1,0,0,20,0,172,1,-1,0,0,0
40,1,1,1,1023,1,0,0,13,8,64,5,336,11,0,0
45,4,1,2,31472,0,0,0,19,5,568,7,-1,0,1,1
85,5,0,0,7613,0,0,0,18,3,355,3,-1,0,1,1
56,4,1,1,238,1,0,0,19,9,808,1,-1,0,1,0
40,9,1,1,42,0,0,0,13,1,1842,2,-1,0,1,1
30,1,1,0,2607,1,0,2,28,8,158,10,-1,0,0,0
28,4,2,2,2725,0,0,0,16,6,292,1,504,1,1,1
44,2,1,2,121,0,0,0,10,1,412,1,-1,0,1,1
44,4,2,2,5063,0,0,0,27,10,418,2,-1,0,1,1
38,1,1,1,1627,0,0,2,16,6,1323,9,-1,0,1,1
37,9,1,1,28,0,0,0,21,1,101,2,-1,0,0,0
43,0,1,1,506,0,0,2,20,6,398,1,-1,0,0,0
37,7,1,1,217,1,0,0,11,8,152,1,-1,0,0,0
29,9,0,1,328,1,1,0,4,3,25,1,-1,0,0,0
30,7,1,1,292,1,1,0,15,0,651,4,-1,0,1,0
61,5,1,1,523,0,0,0,13,1,211,3,183,4,1,1
50,0,1,1,219,1,0,0,15,5,419,7,-1,0,1,0
19,8,2,1,55,0,0,1,6,10,89,2,193,1,0,0
47,9,0,1,2836,0,1,0,14,1,10,2,-1,0,0,0
47,1,1,1,4840,0,0,2,16,6,53,1,-1,0,0,0
32,9,2,1,5205,0,0,0,20,9,352,1,-1,0,1,0
54,3,1,2,2473,0,0,0,5,7,607,2,-1,0,1,1
33,4,1,2,1195,1,0,1,13,8,355,4,-1,0,0,0
40,1,1,1,1009,1,1,2,20,6,1036,5,-1,0,1,1
34,1,1,1,751,1,1,0,17,9,1303,1,-1,0,1,1
41,1,1,1,923,1,0,2,14,8,249,2,-1,0,0,0
40,1,0,1,-426,0,1,2,26,8,245,1,-1,0,0,0
30,1,1,1,128,1,0,2,14,8,273,1,-1,0,0,0
38,0,2,1,77,0,0,0,20,9,441,4,-1,0,1,0
34,9,1,1,0,1,0,0,5,1,231,2,2,3,1,1
39,1,1,1,94,1,1,0,19,9,181,1,-1,0,0,0
28,0,1,1,1595,0,0,0,9,11,268,1,254,4,1,1
53,3,1,0,1903,0,0,2,5,6,827,1,-1,0,1,0
57,2,1,3,657,0,0,2,12,6,344,1,-1,0,0,0
45,4,1,2,226,1,0,0,15,3,91,4,185,6,0,1
30,4,1,2,6432,1,0,0,21,9,206,2,119,3,1,0
35,9,2,2,122,0,0,0,20,0,49,5,328,5,0,0
27,4,2,0,13,0,0,0,30,4,475,3,-1,0,1,1
33,1,1,1,-81,1,0,0,29,4,339,2,-1,0,0,0
35,9,1,1,0,1,0,0,19,9,644,4,-1,0,1,1
41,7,1,1,1319,1,0,0,11,8,305,1,-1,0,0,0
30,0,2,1,315,1,0,0,14,8,884,3,346,4,1,1
26,1,1,1,557,1,1,2,27,8,282,2,-1,0,0,0
48,1,0,1,-314,1,0,0,18,8,7,5,-1,0,0,0
30,4,1,2,8089,1,0,0,18,7,232,2,294,2,1,1
52,1,1,1,2087,1,0,0,31,1,267,1,474,1,1,1
45,4,1,2,210,1,0,0,21,5,623,1,-1,0,1,0
59,4,1,2,1783,0,1,0,17,9,540,2,-1,0,0,1
46,9,1,3,3308,0,0,0,28,5,219,2,-1,0,0,1
40,9,1,3,0,0,1,0,7,5,161,1,-1,0,0,0
35,10,1,1,2080,1,0,1,14,0,266,3,-1,0,0,0
40,1,1,1,-60,1,0,0,21,5,250,1,-1,0,0,0
36,1,1,0,599,1,0,2,21,8,649,2,-1,0,1,1
45,4,2,2,16,0,0,0,31,5,59,2,-1,0,0,0
31,4,2,2,4718,1,0,0,21,9,536,1,-1,0,1,1
35,4,0,2,146,0,0,0,6,1,720,2,-1,0,1,1
32,9,2,1,324,0,1,0,23,3,432,1,-1,0,0,1
48,4,1,2,3842,0,0,0,1,10,168,1,122,2,1,0
36,1,2,0,2176,1,0,2,28,8,52,2,-1,0,0,0
34,4,2,2,5,0,0,0,18,1,370,2,-1,0,0,1
30,1,1,1,0,1,1,0,10,5,1399,1,-1,0,1,1
37,4,2,2,1027,1,0,0,1,10,137,1,119,1,1,1
42,4,1,2,4,1,0,0,8,8,579,2,295,1,1,1
48,0,2,1,1544,1,0,1,30,6,263,1,450,2,1,1
34,9,2,2,9851,1,0,0,20,9,128,5,-1,0,0,0
31,4,1,2,877,0,0,0,9,11,209,1,92,8,1,1
57,1,1,0,0,0,0,2,9,6,73,2,-1,0,0,0
31,4,1,2,131,0,0,0,18,3,332,2,-1,0,0,1
36,1,1,3,1023,1,0,0,4,3,184,2,-1,0,0,0
49,4,0,2,1904,0,1,0,17,9,131,2,-1,0,0,0
39,0,0,1,32,0,1,2,20,6,8,10,-1,0,0,0
34,4,1,2,1006,1,0,0,19,9,783,3,195,2,1,1
43,0,1,1,-204,1,0,2,26,8,163,2,-1,0,0,0
41,9,2,2,1646,1,0,0,4,3,261,1,184,6,1,1
42,9,1,1,1812,1,0,0,31,5,84,2,-1,0,0,0
60,1,1,0,5,0,0,0,29,10,401,1,-1,0,1,1
60,5,0,1,935,0,0,0,31,5,8,17,-1,0,0,0
27,4,1,2,893,0,0,0,16,10,154,2,-1,0,1,1
35,6,1,2,28,0,1,0,8,5,259,1,-1,0,0,0
31,9,2,2,1166,1,0,2,3,6,207,1,-1,0,0,0
23,9,2,1,1587,1,1,0,14,8,502,2,-1,0,1,0
52,3,1,0,10943,0,0,0,16,11,292,1,-1,0,1,1
47,1,1,0,2,1,1,0,20,9,661,4,190,1,1,0
47,7,1,1,2597,1,0,2,16,8,323,1,-1,0,0,0
31,7,1,1,1167,1,1,0,20,9,279,1,-1,0,0,0
22,1,2,1,682,0,0,0,5,6,126,2,91,1,1,1
39,3,1,1,1444,0,0,1,25,5,362,8,-1,0,0,1
25,8,2,1,304,0,0,0,26,8,226,2,-1,0,1,1
60,0,1,3,478,0,0,0,19,5,173,2,311,8,1,1
39,9,1,1,8,0,1,0,17,9,333,2,96,2,1,0
43,6,1,0,66,1,0,2,7,8,175,5,-1,0,0,0
31,7,2,1,85,0,0,0,16,5,151,1,-1,0,0,0
46,4,1,2,242,0,0,0,4,1,120,2,96,1,1,1
23,8,2,1,556,1,0,0,15,8,170,2,-1,0,0,0
52,7,1,1,659,0,0,0,27,10,113,1,-1,0,1,1
38,8,1,3,0,0,0,0,8,5,341,1,385,1,1,1
37,4,2,2,33,1,0,0,12,7,186,1,-1,0,1,1
42,9,1,1,27,0,0,0,14,1,259,4,-1,0,0,0
41,4,1,2,15,0,0,2,20,6,13,5,-1,0,0,0
59,4,1,0,396,1,0,2,2,6,72,3,-1,0,0,0
55,4,1,2,42,1,0,1,11,8,386,2,-1,0,0,0
59,4,1,2,2239,0,0,0,20,1,377,6,90,1,1,1
54,1,1,0,1311,0,0,1,15,10,485,3,184,3,1,1
42,4,1,2,27696,0,0,0,12,8,176,2,89,5,1,1
28,10,2,0,236,0,0,0,6,3,460,3,-1,0,1,0
36,4,2,2,811,0,0,0,6,7,229,1,-1,0,1,1
33,1,1,1,-112,1,0,2,28,8,132,1,-1,0,0,0
73,5,1,0,1388,0,0,1,11,4,767,2,83,1,1,1
44,10,1,1,0,0,0,0,21,9,175,4,-1,0,0,0
55,5,0,2,0,0,0,0,18,8,616,1,370,1,1,1
47,1,1,1,303,0,0,2,11,6,261,1,-1,0,0,0
38,9,0,1,1294,1,0,2,29,8,565,1,-1,0,1,0
56,9,1,1,23,0,0,0,20,9,857,3,-1,0,1,1
32,7,2,1,1659,1,0,2,30,8,120,6,-1,0,0,0
38,4,2,2,619,1,0,2,6,6,460,4,-1,0,1,1
37,6,1,1,1549,1,0,2,20,6,161,7,-1,0,0,0
41,9,2,2,145,0,0,0,22,5,1833,2,-1,0,1,1
38,9,2,2,221,0,0,0,20,1,79,3,-1,0,0,0
51,9,1,1,6840,0,0,1,7,5,257,1,-1,0,0,1
53,1,1,1,3079,0,0,0,5,0,759,1,-1,0,1,0
41,1,0,0,0,0,0,0,30,5,509,2,-1,0,1,1
59,1,1,0,1939,0,0,0,23,0,172,1,-1,0,1,1
37,4,1,2,3236,0,0,0,20,8,291,2,202,5,1,1
36,7,1,0,92,1,0,0,5,6,244,7,-1,0,0,1
51,4,1,2,346,0,0,0,11,1,237,1,180,6,1,1
29,10,2,3,1584,0,0,0,6,11,245,1,-1,0,1,1
30,0,0,1,370,1,0,2,15,8,160,1,-1,0,0,0
42,1,0,0,419,1,1,2,14,8,96,4,-1,0,0,0
40,0,2,1,100,1,0,0,11,1,221,1,461,1,1,1
32,9,1,1,599,0,0,0,19,9,79,1,-1,0,0,0
26,9,2,1,1105,1,0,0,6,11,415,1,297,3,1,1
40,9,0,2,1871,1,0,0,17,9,64,1,-1,0,0,0
29,7,1,0,-102,0,0,2,4,5,134,1,-1,0,0,0
65,4,1,1,587,0,0,0,15,0,223,2,-1,0,1,1
71,5,0,1,0,0,0,0,26,3,771,1,171,1,1,1
48,0,0,1,1180,0,0,0,27,4,142,1,238,3,0,1
36,10,0,1,5,1,0,0,8,5,305,1,-1,0,0,0
32,4,1,2,62,1,0,0,14,8,166,1,-1,0,0,0
26,1,2,1,463,0,1,0,2,5,248,2,-1,0,0,1
28,10,1,1,-42,1,1,0,31,5,143,4,-1,0,0,0
39,4,1,2,3518,1,0,0,8,8,440,1,-1,0,1,0
35,4,1,2,-468,1,0,0,30,5,540,8,-1,0,1,1
39,7,1,1,2843,1,0,2,19,6,585,1,-1,0,1,1
49,4,1,2,2139,0,0,0,5,1,278,1,-1,0,0,0
31,9,2,1,1170,1,0,2,2,6,120,2,-1,0,0,0
40,4,1,2,0,0,0,0,14,5,109,8,-1,0,0,0
43,1,1,1,2160,0,0,0,8,11,261,1,98,1,1,1
33,7,1,1,7,1,0,2,20,8,217,1,-1,0,0,0
49,9,1,1,788,0,0,2,17,6,162,7,-1,0,0,0
50,10,1,1,3357,0,0,0,9,6,239,4,-1,0,1,1
27,9,2,2,501,0,1,1,30,4,370,4,-1,0,0,0
34,2,1,0,7279,1,0,0,12,8,882,1,-1,0,1,1
26,0,2,2,3730,1,0,0,11,7,93,1,98,4,1,0
36,9,2,1,-487,1,0,0,17,0,1080,1,-1,0,1,1
34,1,1,1,157,1,0,0,11,5,254,2,-1,0,0,0
54,5,0,0,52,0,0,2,19,6,184,3,-1,0,0,0
30,9,2,2,0,0,0,0,22,1,34,2,-1,0,0,0
35,4,0,2,434,1,0,0,13,1,1314,2,-1,0,1,1
32,7,1,1,3756,1,0,2,4,6,85,3,-1,0,0,0
45,1,1,0,804,1,0,2,16,8,528,1,-1,0,0,1
29,4,2,2,1170,0,0,0,20,0,453,1,-1,0,1,1
37,9,1,1,588,1,0,0,14,1,65,4,-1,0,0,0
37,6,1,1,0,1,0,0,17,5,158,1,-1,0,0,0
27,7,1,1,94,1,0,2,15,8,352,2,-1,0,0,0
34,4,1,1,1007,1,0,0,21,5,240,2,-1,0,0,0
28,4,2,1,703,1,0,0,15,8,485,1,88,1,1,1
42,0,1,1,534,1,0,2,16,8,139,2,-1,0,0,0
31,1,2,1,609,1,0,0,14,0,1126,1,335,1,1,0
32,1,1,1,328,1,0,2,20,8,132,1,-1,0,0,0
57,5,2,2,842,0,0,0,13,1,284,3,-1,0,0,1
34,3,1,0,87,1,0,2,15,8,139,2,-1,0,0,0
57,7,1,1,0,1,0,0,14,8,16,9,282,3,0,0
42,9,2,2,-411,1,0,0,24,5,212,3,-1,0,0,0
39,4,1,2,297,1,0,0,13,8,734,2,-1,0,1,1
56,4,1,0,405,0,0,0,21,5,251,2,-1,0,0,0
38,9,1,1,318,0,0,0,4,3,383,1,181,5,1,1
50,4,1,2,5108,1,0,0,18,2,406,1,182,2,1,1
60,1,1,0,493,0,0,0,18,1,671,4,-1,0,1,1
36,4,2,2,-508,1,0,0,17,0,832,2,-1,0,1,0
46,9,1,1,2149,1,0,0,15,0,282,2,-1,0,0,1
27,1,2,0,265,1,0,0,13,8,1119,2,-1,0,1,1
52,4,1,1,189,0,0,0,22,1,90,2,-1,0,0,0
37,1,1,0,3154,1,0,0,17,0,404,1,305,3,1,1
39,4,1,2,-468,1,1,0,8,1,88,2,-1,0,0,0
36,7,1,1,394,0,0,0,5,1,324,1,-1,0,0,1
41,1,1,1,140,1,0,0,3,6,96,1,125,2,0,0
35,7,1,3,618,0,0,0,12,1,293,1,104,1,1,1
63,5,1,1,2030,0,0,0,6,0,61,6,-1,0,0,0
42,1,1,1,414,1,0,0,17,0,400,3,-1,0,0,0
48,7,1,1,127,0,0,0,8,5,117,1,-1,0,0,0
40,7,2,1,224,1,0,0,17,0,875,2,-1,0,1,1
27,1,2,0,3955,1,0,2,28,8,205,3,-1,0,0,0
46,4,0,2,1297,0,0,0,11,1,716,3,-1,0,1,1
29,9,2,2,2269,1,0,0,20,0,53,1,346,1,0,0
53,9,1,1,480,0,0,2,6,6,648,2,-1,0,0,1
32,0,1,1,-1,0,0,0,8,5,228,2,-1,0,0,0
43,9,1,1,3723,1,0,0,11,1,134,4,-1,0,0,0
27,4,2,2,12956,1,0,2,29,8,789,3,-1,0,1,1
26,8,2,2,97,0,0,0,27,1,382,1,-1,0,0,0
36,7,1,1,0,1,1,0,15,5,201,4,-1,0,0,0
30,0,2,1,3528,0,0,0,4,1,250,1,92,2,1,1
31,4,2,2,-201,1,0,0,22,1,81,4,-1,0,0,0
24,1,2,1,-398,1,0,0,18,8,14,3,355,4,0,0
33,4,2,2,5437,0,0,0,7,10,201,1,58,3,1,1
36,10,0,1,871,0,0,0,12,1,396,3,-1,0,0,1
43,4,0,1,51,0,0,0,2,3,430,1,-1,0,1,1
62,4,0,2,5943,0,0,1,17,3,196,4,-1,0,0,1
26,2,2,1,101,1,0,0,5,3,810,1,268,1,1,1
41,1,1,1,-190,0,1,0,29,5,808,3,-1,0,1,1
37,0,1,1,641,1,0,2,5,6,42,1,-1,0,0,0
32,4,2,2,3283,0,0,0,12,1,623,2,191,2,1,1
37,9,2,1,3326,1,0,2,21,8,799,1,-1,0,1,1
41,1,0,0,664,0,1,0,15,5,955,5,-1,0,1,1
36,4,2,2,490,0,0,0,28,1,207,8,98,1,1,1
30,4,2,2,0,0,0,0,18,1,124,3,-1,0,0,0
36,4,1,2,495,0,0,0,12,7,213,3,182,6,1,1
39,0,1,1,1221,0,0,2,12,6,97,1,-1,0,0,0
77,5,1,2,7802,0,0,1,4,8,421,1,92,2,1,1
43,7,1,1,192,1,1,2,30,8,273,2,-1,0,0,0
34,3,1,2,897,0,0,0,12,1,197,4,-1,0,0,0
52,4,1,2,388,0,0,0,25,8,272,1,-1,0,1,1
32,4,2,2,718,1,0,0,15,6,95,1,-1,0,0,1
26,0,2,1,1099,0,0,0,15,4,99,2,225,13,0,0
34,9,1,1,260,1,0,0,17,0,20,2,238,2,0,0
54,7,1,3,386,0,1,0,19,9,74,1,152,1,0,0
63,2,1,1,3904,0,0,1,8,9,360,1,96,4,1,1
30,4,2,2,502,0,1,0,18,5,572,1,-1,0,0,1
51,9,2,2,11222,1,0,0,21,9,126,2,171,7,0,0
49,6,1,2,503,1,0,0,6,3,310,4,200,1,0,0
56,4,0,2,3885,1,0,0,10,5,51,1,-1,0,0,0
48,0,1,0,3644,1,1,1,31,5,1039,9,-1,0,1,1
23,1,1,0,-213,0,0,2,13,8,165,2,-1,0,0,0
57,2,1,3,975,1,1,0,22,5,236,4,-1,0,0,0
33,7,2,3,523,1,0,2,28,8,86,1,-1,0,0,1
37,1,1,1,2697,1,0,0,20,0,430,1,-1,0,1,0
55,9,1,1,276,1,0,2,12,8,486,1,-1,0,0,0
46,0,0,1,1342,1,0,0,4,3,135,1,-1,0,0,0
40,9,1,1,7313,1,0,0,18,9,241,2,182,1,1,0
36,4,0,2,563,0,0,2,20,6,10,4,-1,0,0,0
38,9,2,1,1711,0,0,1,30,11,234,1,-1,0,1,1
51,10,1,0,1162,1,0,0,25,5,2015,1,-1,0,1,1
24,10,2,1,2573,0,0,0,24,8,375,2,-1,0,1,1
38,2,1,1,61,1,1,2,28,8,170,5,-1,0,0,0
26,1,2,1,-84,1,1,0,29,5,63,5,-1,0,0,0
42,1,1,0,704,1,1,1,31,5,88,10,-1,0,0,0
34,1,2,1,1156,1,0,2,23,8,234,2,-1,0,0,0
36,0,1,2,211,1,0,2,5,8,146,2,-1,0,0,0
32,9,2,2,720,0,0,0,12,1,234,4,-1,0,0,0
29,4,2,2,92,0,0,0,2,7,175,5,-1,0,1,1
42,9,2,1,823,1,0,0,28,4,137,1,-1,0,0,0
38,1,2,0,947,1,0,0,12,8,361,2,-1,0,0,0
31,4,2,2,825,1,0,2,21,8,506,2,-1,0,0,1
36,7,2,1,0,1,0,0,15,8,1002,4,-1,0,1,1
41,0,0,1,2550,1,0,0,15,8,894,2,347,2,1,0
56,4,1,0,870,0,0,0,14,8,220,1,179,1,1,1
32,9,2,2,932,1,0,0,16,0,944,1,318,1,1,1
26,1,2,1,191,1,0,0,6,8,550,1,-1,0,1,1
33,7,2,1,170,0,0,0,7,5,782,1,-1,0,1,1
30,9,1,1,484,1,0,2,6,8,703,1,-1,0,1,1
33,4,1,2,0,1,0,0,14,0,535,3,328,1,1,1
31,4,2,2,3,0,0,0,4,3,406,2,-1,0,0,0
41,0,1,1,3126,1,0,0,29,6,222,1,91,7,1,1
40,3,1,2,795,1,0,2,29,8,725,3,-1,0,1,0
41,4,1,2,-29,0,0,0,29,4,41,2,266,2,0,0
57,4,1,2,2681,0,0,0,11,7,266,2,-1,0,1,1
41,1,2,1,3851,0,0,0,19,9,130,1,-1,0,0,0
37,10,2,2,1291,0,0,0,5,1,150,1,97,2,1,1
55,4,1,2,171,1,0,0,8,1,73,6,-1,0,0,0
51,7,1,1,-467,0,0,2,9,6,216,5,-1,0,0,0
43,4,1,2,0,1,0,0,5,3,280,2,-1,0,0,0
54,5,2,1,129,0,1,0,28,5,867,2,-1,0,1,1
40,4,1,1,406,1,0,2,12,6,577,2,-1,0,0,1
39,1,1,0,-176,0,0,0,9,5,176,1,-1,0,0,0
25,0,2,1,131,1,1,2,9,8,237,1,-1,0,0,0
44,1,1,1,794,1,0,0,5,3,342,1,252,1,0,0
30,0,1,1,873,1,0,1,12,9,119,1,167,3,0,0
34,4,1,2,39,0,0,0,13,1,160,1,-1,0,0,0
35,0,2,1,181,1,0,0,18,8,217,4,301,1,0,0
50,4,2,2,297,1,0,2,5,8,119,1,-1,0,0,0
40,6,1,1,0,0,0,2,19,6,61,1,-1,0,0,0
38,9,1,2,940,0,0,0,12,1,191,7,-1,0,0,0
53,0,0,1,1151,1,0,2,5,8,412,1,-1,0,0,0
32,4,0,2,12,0,0,0,17,5,321,1,-1,0,0,0
35,4,1,2,323,0,0,0,11,4,261,2,-1,0,0,1
81,5,1,0,243,0,0,0,27,4,340,1,92,1,1,1
30,4,1,2,102,1,0,0,5,0,470,7,426,3,1,1
60,5,1,2,108,0,0,0,26,1,624,1,-1,0,1,1
34,4,2,2,1228,0,0,0,5,3,263,8,-1,0,0,1
56,6,1,2,0,0,0,0,19,9,122,1,-1,0,0,0
42,9,2,1,2036,1,0,0,19,9,259,2,-1,0,0,0
36,4,1,2,203,0,0,0,29,10,139,1,-1,0,1,1
55,3,0,0,0,0,0,2,20,6,398,2,-1,0,0,0
43,9,1,1,136,0,0,0,25,1,363,7,-1,0,0,1
37,10,2,1,381,1,0,2,8,8,985,2,-1,0,1,1
48,4,0,2,1401,1,0,2,20,6,72,3,-1,0,0,0
30,9,1,2,606,1,0,0,30,0,551,1,-1,0,1,0
51,0,0,1,2195,1,0,2,13,8,59,1,-1,0,0,0
66,5,1,1,3473,0,0,0,14,0,441,2,-1,0,1,0
32,7,1,1,15,1,0,0,15,8,391,1,-1,0,0,0
34,2,1,2,0,1,0,0,6,8,611,1,183,1,1,1
32,4,2,2,0,1,1,0,17,9,107,2,-1,0,0,0
31,4,2,2,1675,0,0,0,2,11,114,2,363,1,0,0
57,5,0,0,0,0,1,0,24,5,125,2,-1,0,0,0
46,9,1,2,841,1,0,2,6,8,158,1,-1,0,0,0
38,4,1,2,3436,0,0,0,21,9,663,4,-1,0,1,1
39,4,1,2,1425,1,0,0,12,8,775,3,-1,0,1,1
31,1,2,1,573,1,0,1,5,3,58,1,269,2,0,0
36,9,2,1,1044,1,0,0,20,1,15,19,-1,0,0,0
28,1,2,1,524,1,0,0,6,8,554,2,-1,0,1,1
48,7,0,1,-361,1,0,0,12,8,1062,3,349,3,1,1
31,4,2,1,1088,1,0,0,8,0,575,2,-1,0,1,1
35,1,1,1,1160,0,1,1,19,9,62,1,-1,0,0,0
53,1,1,1,974,1,0,2,26,8,197,2,-1,0,0,0
33,0,2,2,146,0,0,0,22,10,380,1,91,3,1,1
40,7,1,1,9374,1,0,0,21,9,7,8,185,1,0,0
77,5,1,2,699,0,0,0,13,1,425,2,-1,0,1,1
32,9,1,1,465,1,0,0,12,8,210,2,-1,0,0,0
49,1,1,1,3728,1,0,0,11,5,1060,2,-1,0,1,1
50,1,1,0,4108,1,0,0,7,1,526,2,-1,0,1,1
29,7,2,3,196,0,0,0,30,4,726,2,-1,0,1,1
29,0,2,1,1070,1,0,2,19,8,30,1,357,1,0,1
53,7,1,3,257,1,0,2,5,8,209,2,-1,0,0,0
36,4,2,2,479,0,0,0,9,3,629,2,-1,0,1,1
32,7,1,1,38,1,0,0,15,8,744,1,-1,0,1,1
63,5,1,1,1495,0,0,0,25,10,389,1,195,4,1,1
30,1,1,1,-529,1,0,0,12,8,416,4,-1,0,1,0
33,9,2,1,3059,0,1,0,6,1,482,2,-1,0,0,1
45,0,1,3,2033,0,0,0,28,8,48,4,-1,0,0,0
33,4,1,2,5,1,0,2,7,1,12,1,-1,0,0,0
38,1,1,0,190,1,0,1,19,9,623,1,175,1,1,1
61,1,1,0,5,0,0,0,6,1,562,2,94,3,1,1
56,4,1,2,2366,1,1,0,3,3,538,2,188,4,1,0
31,4,1,2,83,0,0,0,29,4,300,1,-1,0,0,0
35,7,1,1,437,1,0,2,26,8,240,1,-1,0,0,0
36,9,2,1,539,1,0,0,27,1,398,2,477,1,1,1
56,4,1,1,230,0,0,2,9,8,73,4,-1,0,0,0
32,1,1,1,333,1,0,0,8,8,501,2,-1,0,1,1
42,11,1,3,222,0,0,0,26,1,80,16,-1,0,0,0
33,4,1,2,62,1,0,0,2,3,102,1,264,1,0,0
42,4,2,2,0,1,0,0,21,9,824,1,-1,0,1,1
35,0,2,1,855,1,0,2,12,8,241,3,-1,0,0,0
61,5,1,2,3140,1,1,0,6,1,975,4,98,1,1,1
43,1,1,0,-192,1,0,2,8,8,1120,2,-1,0,1,1
26,10,2,2,814,0,0,0,28,4,1387,1,-1,0,1,1
57,5,1,0,1623,1,1,0,18,5,246,1,-1,0,0,0
31,9,1,1,-367,1,0,0,18,5,474,2,-1,0,1,1
34,9,2,2,2658,1,0,0,31,7,265,1,230,2,1,0
30,4,2,2,720,0,0,0,15,4,1265,4,210,4,1,1
32,0,1,2,281,1,0,2,6,8,226,1,-1,0,0,0
55,9,1,1,517,1,1,0,6,3,47,3,263,4,0,0
29,7,2,1,146,1,0,2,19,8,104,2,-1,0,0,0
30,2,1,1,12737,0,1,0,19,9,589,2,-1,0,0,1
53,1,1,0,306,0,0,0,28,5,388,3,181,1,1,1
74,5,1,1,935,0,0,0,5,8,226,1,99,2,1,1
29,6,2,1,970,1,0,0,13,8,240,1,-1,0,0,0
27,9,2,1,740,1,0,0,5,8,294,1,-1,0,0,0
49,4,1,2,276,0,0,0,27,1,62,5,-1,0,0,0
25,8,2,1,1868,0,0,0,26,10,259,1,103,2,1,1
57,5,1,1,0,1,0,0,5,8,127,1,363,4,0,0
42,1,1,3,149,1,0,1,23,5,329,3,-1,0,0,0
53,1,2,1,1004,0,0,0,13,8,393,1,84,1,1,1
57,5,1,2,11254,0,0,0,30,5,229,2,-1,0,0,0
43,4,1,1,373,1,0,2,28,8,54,1,-1,0,0,0
48,0,0,1,362,0,0,0,13,1,529,1,-1,0,1,1
59,9,1,0,4198,0,0,0,14,4,309,1,91,10,1,1
50,0,2,1,133,0,0,0,28,5,890,4,-1,0,1,1
59,0,1,1,3735,0,0,0,18,7,203,4,121,2,1,1
31,4,1,2,22867,1,0,2,27,8,241,2,-1,0,0,0
62,5,0,2,0,0,0,0,13,9,227,2,-1,0,1,1
46,9,1,1,0,0,0,0,30,0,200,1,259,2,0,1
37,6,1,0,0,0,0,2,7,8,112,4,-1,0,0,0
36,1,1,0,223,1,0,2,14,5,12,3,-1,0,0,0
43,7,0,1,1040,1,0,2,19,8,552,3,-1,0,1,1
32,4,1,2,937,0,0,0,26,8,61,1,190,1,0,0
45,7,1,3,318,0,0,0,16,5,63,2,-1,0,0,0
30,1,2,1,906,1,1,2,21,8,218,7,-1,0,0,0
35,4,1,2,1731,0,0,0,31,5,361,4,-1,0,0,1
29,1,2,1,9,1,0,0,11,8,262,3,-1,0,0,0
48,4,1,1,0,1,0,1,23,5,90,2,-1,0,0,0
54,0,1,2,59,1,0,0,10,5,268,1,-1,0,0,0
29,6,1,1,123,0,1,0,21,0,158,2,181,1,0,1
41,0,1,2,1,1,0,1,18,8,327,2,361,3,0,1
54,4,1,2,1624,0,0,0,12,8,166,3,182,10,1,1
50,1,1,0,533,0,0,0,21,1,212,4,-1,0,0,0
33,2,0,2,37,0,1,0,8,5,1082,1,-1,0,1,1
32,9,2,1,1307,1,0,2,28,8,267,2,-1,0,0,0
59,10,2,1,865,0,0,0,4,3,1086,1,-1,0,1,0
40,1,1,1,475,1,0,2,5,8,332,2,-1,0,0,0
28,8,1,2,327,1,0,0,15,8,104,3,-1,0,0,0
31,4,2,2,0,1,0,0,30,0,97,2,87,2,0,0
26,1,1,1,5795,1,0,0,14,8,1094,2,-1,0,1,1
33,9,1,1,0,0,0,0,19,1,78,3,-1,0,0,0
38,9,1,1,976,1,0,0,14,5,766,3,-1,0,1,1
35,4,2,2,431,0,0,0,17,1,343,2,397,1,1,1
58,1,1,0,494,0,0,0,14,1,171,10,-1,0,0,0
55,2,1,1,814,0,1,0,28,5,69,12,-1,0,0,0
79,5,1,1,8304,0,0,1,9,7,303,9,-1,0,1,1
27,8,2,2,5291,0,0,0,11,3,293,1,91,4,1,1
35,9,1,1,15474,0,0,0,21,9,89,1,92,2,1,0
29,4,1,2,16,1,0,0,16,5,605,6,-1,0,1,0
39,4,2,2,5047,0,0,0,29,0,218,4,-1,0,1,1
45,1,1,0,803,1,0,0,4,8,742,4,-1,0,1,1
30,4,2,2,617,0,0,0,27,3,192,2,-1,0,0,1
38,3,1,1,110,0,0,0,25,8,167,1,-1,0,0,0
24,1,2,1,327,1,0,2,28,8,333,2,-1,0,0,0
33,4,1,2,644,0,0,0,11,1,99,2,-1,0,0,0
53,4,1,2,6571,0,0,0,3,3,208,1,-1,0,0,1
64,4,1,2,3951,0,0,0,29,10,164,1,-1,0,1,1
28,8,2,1,1925,0,0,0,25,9,487,1,97,2,1,1
52,9,2,1,36,1,0,2,16,8,335,1,-1,0,0,0
37,1,1,1,-399,1,1,2,3,6,21,3,-1,0,0,0
38,9,1,1,0,1,1,0,15,5,146,4,-1,0,0,0
39,0,1,1,159,0,0,0,19,9,177,1,-1,0,0,0
39,7,1,1,733,0,0,2,16,6,83,4,-1,0,0,0
31,1,1,1,435,1,0,2,21,8,204,1,-1,0,0,0
31,10,2,0,406,0,0,0,4,3,736,1,-1,0,1,1
28,1,2,1,-197,1,0,2,9,8,2016,2,-1,0,1,1
59,4,1,1,1321,0,0,2,9,6,3881,3,-1,0,1,1
31,0,2,1,430,1,0,0,15,0,103,2,-1,0,0,0
31,10,2,2,140,1,0,1,7,8,11,2,-1,0,0,0
38,1,2,1,13156,1,0,0,17,0,291,4,331,1,1,0
37,9,0,1,141,1,0,0,6,8,848,1,364,3,1,1
34,3,1,2,0,0,0,0,18,1,148,1,84,2,1,1
33,4,1,2,55,0,0,0,30,0,526,2,87,3,1,1
27,9,2,1,158,0,0,2,1,5,650,2,-1,0,0,1
55,1,1,1,196,0,0,0,21,1,81,1,-1,0,0,1
30,0,2,1,523,0,1,0,3,7,83,1,-1,0,0,1
35,1,1,1,563,0,1,0,4,6,147,1,119,3,1,1
53,3,1,0,362,0,0,0,28,5,1169,2,-1,0,1,1
37,9,1,1,24,1,0,0,13,1,136,1,105,2,1,0
51,0,0,1,-338,1,0,0,29,5,97,2,-1,0,0,0
33,7,1,1,2918,0,1,0,20,9,1059,2,-1,0,1,1
55,1,0,3,103,1,0,0,21,5,769,3,-1,0,1,0
31,4,2,2,18,0,0,0,8,1,82,2,-1,0,0,0
40,7,1,1,473,1,0,0,28,5,383,3,-1,0,0,1
39,4,1,2,1795,0,0,0,8,1,922,7,-1,0,1,1
39,7,1,1,53,0,0,2,5,7,257,1,394,1,0,1
30,9,2,1,853,0,0,0,29,10,279,1,148,1,1,1
43,4,1,2,3518,0,0,0,15,6,181,2,-1,0,1,1
35,0,1,1,304,0,0,0,18,7,237,1,-1,0,1,1
30,4,2,2,376,1,0,0,21,9,710,1,-1,0,1,1
27,9,2,2,11862,0,0,1,25,8,281,5,101,1,1,0
25,8,2,1,348,0,0,0,10,1,245,1,-1,0,0,1
34,9,1,1,-259,1,0,2,27,8,124,2,-1,0,0,0
37,4,1,2,2987,1,0,0,15,3,93,1,91,9,0,1
31,1,1,1,604,1,0,0,18,9,394,2,-1,0,0,0
39,9,1,0,1846,0,0,0,5,3,306,5,-1,0,0,0
52,2,2,2,3469,1,0,0,16,0,583,1,147,1,1,1
35,1,1,1,293,1,0,0,17,0,1017,1,325,1,1,1
33,0,1,1,95,1,0,0,30,0,335,1,-1,0,0,1
60,5,1,1,2060,0,0,0,29,6,135,4,95,4,0,0
47,1,1,0,3038,1,0,0,14,5,151,2,-1,0,0,0
39,4,0,2,4692,1,0,1,19,9,214,2,174,2,1,0
58,0,1,0,879,1,0,2,16,8,242,7,-1,0,0,0
49,4,0,2,696,1,0,2,2,6,310,3,-1,0,0,0
44,6,2,2,2734,1,0,0,12,8,897,4,-1,0,1,1
50,4,0,2,60,0,0,0,19,1,255,2,-1,0,0,0
50,0,1,1,706,1,0,0,6,1,1250,4,-1,0,1,1
54,1,1,0,-636,1,0,2,30,8,324,3,-1,0,0,0
33,0,2,1,607,0,0,0,27,3,110,2,-1,0,0,1
59,4,1,2,5397,0,0,0,23,6,671,3,-1,0,1,1
52,4,1,2,4358,0,0,1,31,5,30,7,-1,0,0,0
31,4,1,2,303,1,0,2,14,8,143,1,-1,0,0,0
50,0,0,1,237,0,1,1,5,9,169,1,-1,0,0,1
76,3,0,0,1411,0,0,1,15,0,170,3,-1,0,0,1
36,1,1,0,319,1,0,0,13,8,774,2,301,1,1,1
35,9,2,1,1001,0,1,0,24,5,178,2,-1,0,0,0
47,9,0,1,236,0,0,0,18,1,263,4,-1,0,0,0
36,4,1,2,203,0,0,0,25,4,255,1,88,1,1,1
24,8,2,2,3415,0,0,0,27,0,97,1,-1,0,1,1
64,4,1,2,4688,0,0,0,21,10,200,1,-1,0,1,1
59,5,0,1,5583,1,0,0,30,0,720,1,-1,0,1,1
28,4,2,2,390,0,0,0,29,11,845,1,232,4,1,1
36,4,1,2,93,0,0,0,12,5,262,2,182,7,1,1
32,0,2,1,620,0,0,0,17,0,211,2,343,3,1,0
26,8,2,1,4613,0,0,0,28,8,663,3,196,2,1,1
54,1,1,0,2440,0,1,0,17,9,334,1,-1,0,1,0
35,4,2,2,3544,1,0,0,8,6,380,1,-1,0,0,1
37,4,2,2,102,1,0,0,6,8,445,1,258,2,1,1
35,4,1,2,611,0,0,0,1,10,305,2,121,1,1,1
33,7,0,1,44,0,1,0,23,5,529,1,-1,0,0,1
46,7,1,1,273,0,0,0,22,1,565,2,-1,0,1,1
35,0,0,1,1085,0,0,0,5,6,199,1,86,7,1,1
36,9,2,1,376,0,0,0,13,1,479,1,-1,0,1,1
62,5,1,0,1515,1,0,0,19,10,131,1,187,2,1,0
42,10,1,0,-581,1,0,0,13,8,224,1,370,2,0,0
39,3,1,2,94,0,0,0,6,1,181,2,-1,0,0,0
56,5,0,0,48,1,0,0,14,8,132,2,-1,0,0,0
44,10,1,0,97,1,0,2,5,6,105,3,-1,0,0,0
64,2,1,2,2331,0,0,1,9,9,201,1,-1,0,0,1
57,0,0,1,0,0,0,0,9,11,121,2,-1,0,1,0
33,8,1,1,1536,0,0,0,9,3,359,1,92,3,1,1
45,1,1,0,0,1,0,0,24,5,137,1,-1,0,0,0
39,4,1,2,481,0,0,0,7,2,929,5,189,1,1,1
40,9,1,1,372,1,0,0,21,9,365,1,100,2,1,0
50,10,2,1,588,0,0,0,31,5,649,3,-1,0,1,0
39,0,1,1,-367,1,0,0,16,0,667,2,-1,0,1,0
53,9,1,1,-725,1,0,2,27,8,1205,1,-1,0,1,1
39,1,1,0,-50,1,0,0,15,8,100,1,-1,0,0,0
37,4,1,2,6014,1,0,0,15,5,163,6,-1,0,0,0
60,5,0,2,979,1,0,0,15,5,346,1,181,4,1,1
39,9,1,2,206,0,0,0,20,10,148,2,195,2,0,1
34,4,1,2,2037,0,0,0,15,2,324,2,-1,0,0,1
35,7,1,2,4564,0,0,0,18,1,45,6,-1,0,0,0
48,4,1,2,0,0,1,0,9,3,18,8,-1,0,0,0
33,4,2,2,30,1,0,0,22,5,1077,1,-1,0,1,1
46,6,1,1,548,0,0,0,12,1,1181,4,-1,0,1,1
39,0,1,1,1757,0,0,1,28,10,125,1,-1,0,1,1
45,9,0,1,441,1,0,0,2,3,535,1,-1,0,1,0
